"","SITE_ID","AG_ECO9","ecoregion_3","total_N","total_P","chloride","sulfate","ANC","DOC","turbidity","RDI","pct_fine","total_N_ug","chloride_ueq","sulfate_ueq","pass_nap","pass_sap","ref_cond","val_cond"
"1","NRS18_NC_10014","SAP",66,1,54,3.9,2.7,NA,1.6,11,1.250020833,7.826086957,1000,110.014104372355,56.2148657089319,NA,NA,"NON-REF","C"
"2","NRS18_OK_10023","SAP",37,0.715,79,4.69,49.5,1540,5.67,15.2,0,9.523809524,715,132.299012693935,1030.60587133042,5,5,"NON-REF","V"
"3","NRS18_OK_10830","SAP",36,0.232,15,1.5,1.67,242,1.72,0.5,0.136363636,0,232,42.3131170662905,34.769935457006,8,8,"REF","C"
"4","NRS18_OK_10034","SAP",36,0.534,58,1.5,3.38,336,5.17,1,0.931827273,0,534,42.3131170662905,70.3726837393296,7,7,"NON-REF","V"
"5","NRS18_OH_10023","SAP",71,1.155,223.221,97.424,57.317,5170.66,3.76,12.06,0.845991558,0,1155,2748.20874471086,1193.35831771809,3,3,"NON-REF","C"
"6","NRS18_KY_10006","SAP",71,1.13,202.514,13.487,31.264,4478.48,2.66,23.63,0.111111111,4.210526316,1130,380.451339915374,650.926504268166,3,3,"NON-REF","C"
"7","NRS18_PA_10004","NAP",62,0.169,13.139,0.478,6.147,240.53,0.86,1.76,0.33335,7.619047619,169,13.4837799717913,127.982510930668,8,8,"REF","C"
"8","NRS18_GA_10003","SAP",45,0.339,46.764,2.649,1.182,412.49,3.2,4.22,0.696986364,0,339,74.7249647390691,24.6096189881324,7,7,"NON-REF","C"
"9","NRS18_WV_10010","SAP",69,0.453,6.226,2.839,93.934,1584.79,1.2,1.92,2.697009091,0,453,80.0846262341326,1955.73599833437,6,6,"NON-REF","C"
"10","NRS18_VT_10034","NAP",58,0.554,32.514,63.581,5.076,608.53,2.74,6.34,5.243924242,0,554,1793.54019746121,105.683947532792,4,4,"NON-REF","V"
"11","NRS18_VT_10011","NAP",58,0.39,14.389,12.816,3.191,164.8,3.81,1.34,3.098531818,0,390,361.523272214386,66.4376431397043,6,6,"NON-REF","V"
"12","NRS18_PA_10021","NAP",60,1.181,66.514,19.433,10.233,1143.8,2.22,2.7,1.651590909,7.619047619,1181,548.180535966149,213.054341036852,5,5,"NON-REF","V"
"13","NRS18_GA_10001","SAP",45,0.603,18.264,5.368,3.431,885.01,1.86,4.91,2.564714307,6.666666667,603,151.424541607898,71.4345200916094,7,7,"NON-REF","C"
"14","NRS18_WV_10031","SAP",69,0.358,13.639,13.411,11.158,1202.58,1.73,5.38,2.242454545,0,358,378.307475317348,232.313137622319,5,5,"NON-REF","C"
"15","NRS18_TN_10006","SAP",68,0.604,39.389,5.779,9.266,1079.56,1.74,9.03,2.588049134,0,604,163.018335684062,192.921090984801,5,5,"NON-REF","C"
"16","NRS18_TN_10026","SAP",68,0.538,41.639,5.952,9.205,1034.76,1.59,8.08,1.560631818,0,538,167.898448519041,191.651051426192,6,6,"NON-REF","C"
"17","NRS18_NY_10010","NAP",62,0.656,85.041,16.887,6.662,1177.61,2.91,3,0.6667,19.04761905,656,476.361071932299,138.704976056631,6,6,"NON-REF","C"
"18","NRS18_WV_10015","SAP",69,0.369,10.751,6.803,207.527,1395.49,0.63,2.08,1.803031818,1.904761905,369,191.904090267983,4320.77867999167,7,7,"NON-REF","C"
"19","NRS18_TN_10001","SAP",67,0.124,15.139,1.066,2.006,243.35,0.76,2.4,0.681822727,20,124,30.0705218617771,41.7655631896731,8,8,"REF","C"
"20","NRS18_TN_10009","SAP",67,1.046,17.139,14.984,6.227,3101.73,0.65,3.77,2.871268182,7.619047619,1046,422.679830747532,129.648136581303,5,5,"NON-REF","C"
"21","NRS18_NY_10025","NAP",83,1.193,37.676,668.159,20.126,4542.62,6.05,2.21,0.242436364,30.47619048,1193,18847.9266572637,419.029773058505,3,3,"NON-REF","C"
"22","NRS18_WV_10012","SAP",67,0.274,12.176,0.556,5.624,188.75,2.37,2.74,0,0,274,15.6840620592384,117.093483239642,8,8,"REF","C"
"23","NRS18_OH_10030","NAP",61,1.75,117.603,24.018,10.11,1390.54,9.8,16.17,0.810609091,33.33333333,1750,677.517630465444,210.493441599001,3,3,"NON-REF","C"
"24","NRS18_OH_10005","SAP",70,0.719,86.051,3.397,20.436,1029.79,3.59,28.85,0.440137446,42.85714286,719,95.8251057827927,425.484072454716,4,4,"NON-REF","C"
"25","NRS18_VT_10006","NAP",58,0.135,9.53,1.366,9.835,2327.83,0.74,1.08,1.130606926,0,135,38.5331452750353,204.767853424943,8,8,"REF","C"
"26","NRS18_TN_10004","SAP",67,0.566,31.051,3.653,13.378,3171.94,1.57,5.82,1.356086364,4.761904762,566,103.046544428773,278.534249427441,5,6,"NON-REF","C"
"27","NRS18_TN_10024","SAP",66,0.594,77.551,3.254,3.151,229.57,1.03,15.01,1.098504545,0,594,91.7912552891396,65.6048303143868,6,6,"NON-REF","C"
"28","NRS18_WV_10016","SAP",67,0.874,54.926,4.791,7.454,2833.97,1.69,11.21,2.704577273,0,874,135.148095909732,155.194669997918,4,4,"NON-REF","C"
"29","NRS18_OH_10001","SAP",70,0.466,38.551,7.412,161.91,1832.18,1.97,12.99,2.280372727,27.61904762,466,209.083215796897,3371.01811367895,3,2,"NON-REF","C"
"30","NRS18_VT_10335","NAP",58,0.466,6.189,15.375,6.988,1155.01,1,0.75,1.401545455,0,466,433.709449929478,145.492400582969,7,7,"NON-REF","V"
"31","NRS18_TN_10010","SAP",67,0.499,29.426,5.494,8.238,1027.68,1.51,4.49,1.825786364,0,499,154.978843441467,171.517801374141,7,7,"NON-REF","C"
"32","NRS18_WV_10003","SAP",70,0.321,24.301,3.618,13.7,1572.56,2.98,3.26,2.794772511,4.761904762,321,102.059238363893,285.238392671247,5,6,"NON-REF","C"
"33","NRS18_OH_10011","SAP",70,0.36,13.264,8.39,182.252,431.35,1.96,8.3,0.606090909,26.31578947,360,236.671368124118,3794.54507599417,5,4,"NON-REF","C"
"34","NRS18_OH_10006","NAP",61,0.854,40.551,52.569,38.761,2326.29,7.67,16.38,1.0152,15.23809524,854,1482.90550070522,807.0164480533,3,3,"NON-REF","V"
"35","NRS18_PA_10028","NAP",62,0.756,33.051,17.03,7.469,1066.99,2.32,5.34,1.49968355,0,756,480.394922425952,155.506974807412,4,4,"NON-REF","C"
"36","NRS18_KY_10001","SAP",71,0.325,129.163,14.035,20.982,4859.29,1.47,31.6,0.393959091,16.19047619,325,395.909732016925,436.8519675203,4,4,"NON-REF","V"
"37","NRS18_NJ_10183","NAP",58,1.649,21.688,154.626,9.719,775.76,1.7,0.53,2.712168182,1.904761905,1649,4361.80535966149,202.352696231522,4,4,"NON-REF","C"
"38","NRS18_VT_10002","NAP",59,0.41,10.288,16.705,5.709,906.15,2.37,1.41,1.685095238,100,410,471.227080394922,118.863210493442,7,6,"NON-REF","C"
"39","NRS18_KY_10008","SAP",71,1.437,106.325,20.793,53.416,1721.35,2.29,29.05,0.136363636,NA,1437,586.54442877292,1112.138246929,NA,NA,"NON-REF","C"
"40","NRS18_SC_10011","SAP",45,0.321,45.163,2.094,1.607,229.32,1.22,15.1,0.181827273,100,321,59.0691114245416,33.458255257131,5,5,"NON-REF","C"
"41","NRS18_SC_10007","SAP",45,0.693,23.926,4.832,1.148,399.45,1.14,12.74,0.318190909,0,693,136.304654442877,23.9017280866125,6,6,"NON-REF","C"
"42","NRS18_VT_10016","NAP",58,0.206,10.288,12.327,5.232,420.96,1.05,0.36,2.742463636,0,206,347.729196050776,108.93191755153,6,6,"NON-REF","C"
"43","NRS18_NH_10010","NAP",58,0.451,24.288,26.418,3.723,225.74,4.06,1.67,0.090913636,32,451,745.218617771509,77.5140537164272,5,5,"NON-REF","V"
"44","NRS18_NC_10020","SAP",45,0.73,70,14.7,3.4,NA,9.8,8,0.773815584,0,730,414.668547249647,70.7890901519883,5,5,"NON-REF","C"
"45","NRS18_SC_10008","SAP",45,0.532,28.288,5.469,3.945,332.04,2.05,3.51,0.030304545,11,532,154.273624823695,82.1361648969394,7,7,"NON-REF","V"
"46","NRS18_GA_10024","SAP",45,0.238,24.801,1.945,0.822,165.76,0.77,5.32,0,8.571428571,238,54.8660084626234,17.1143035602748,6,6,"NON-REF","V"
"47","NRS18_CT_10031","NAP",59,0.726,25.176,34.597,11.318,841.04,1.14,0.27,0.363636364,2.857142857,726,975.937940761636,235.644388923589,7,6,"NON-REF","V"
"48","NRS18_CT_10001","NAP",59,0.354,15.788,2.518,4.513,594.46,1.13,0.19,0.030304545,1.904761905,354,71.0296191819464,93.962107016448,8,8,"REF","C"
"49","NRS18_TN_10029","SAP",71,0.751,242.913,4.179,7.984,3214.81,3.04,11.74,0.5989625,16.92307692,751,117.884344146685,166.229439933375,5,5,"NON-REF","C"
"50","NRS18_NY_10017","NAP",62,1.037,57.788,40.797,8.604,2434.09,1.83,6.04,3.265218182,0,1037,1150.83215796897,179.138038725796,3,3,"NON-REF","C"
"51","NRS18_PA_10015","SAP",67,1.287,14.288,16.046,119.995,443.47,0.88,1.7,1.750022727,13.33333333,1287,452.637517630465,2498.33437434937,5,5,"NON-REF","V"
"52","NRS18_OK_10038","SAP",39,1.221,34,5.21,5.56,1810,0.83,1.5,0,0.952380952,1221,146.967559943583,115.760982719134,6,6,"NON-REF","C"
"53","NRS18_DE_10016","SAP",64,3.671,53.538,41.774,19.82,1242.97,1.09,1.19,0.984863636,1.904761905,3671,1178.39210155148,412.658754944826,4,4,"NON-REF","C"
"54","NRS18_WV_10002","SAP",70,1.028,60.695,21.696,60.593,1153.93,2.68,23.58,1.121240909,0,1028,612.016925246826,1261.5656881116,3,3,"NON-REF","V"
"55","NRS18_VT_10023","NAP",58,0.236,12.91,2.171,3.604,985.57,1.96,2.17,1.87592316,0,236,61.2411847672779,75.0364355611076,8,8,"REF","V"
"56","NRS18_PA_10026","SAP",67,0.711,15.695,8.68,59.632,540.97,1.66,4.59,1.604317749,0,711,244.851904090268,1241.55735998334,7,6,"NON-REF","V"
"57","NRS18_NJ_10005","NAP",58,2.287,40.913,43.458,10.477,651.68,1.26,1.4,1.712181818,3.80952381,2287,1225.89562764457,218.134499271289,5,5,"NON-REF","C"
"58","NRS18_NH_10005","NAP",59,0.307,16.2,23.336,3.963,193.95,2.07,0.96,2.189436364,14,307,658.279266572637,82.5109306683323,7,6,"NON-REF","V"
"59","NRS18_KY_10019","SAP",71,1.698,156.945,20.991,45.518,1708.65,3.38,74.56,0.984886364,0,1698,592.12976022567,947.69935457006,3,3,"NON-REF","V"
"60","NRS18_MA_10013","NAP",58,0.527,49.913,7.647,2.564,1062.99,4.78,2.28,0.212122727,31.42857143,527,215.712270803949,53.3833021028524,6,5,"NON-REF","C"
"61","NRS18_CT_10018","NAP",58,0.476,23.805,22.86,5.561,2624.17,2.51,3.13,1.121231818,39.04761905,476,644.851904090268,115.781803039767,5,5,"NON-REF","V"
"62","NRS18_NY_10033","NAP",83,0.303,20.32,5.687,3.973,726.22,6.52,1.99,0.28175671,0.980392157,303,160.423131170663,82.7191338746617,7,7,"NON-REF","C"
"63","NRS18_MA_10182","NAP",58,0.673,62.82,3.354,3.432,237.92,7.55,10.29,0,57.14285714,673,94.6121297602257,71.4553404122424,5,5,"NON-REF","C"
"64","NRS18_NY_10036","NAP",83,0.397,22.091,5.939,4.358,704.68,5.03,1.8,0.469713636,39,397,167.5317348378,90.7349573183427,6,6,"NON-REF","C"
"65","NRS18_NY_10015","NAP",83,0.397,27.216,50.341,5.432,1638.16,4.88,3.42,0.356068182,100,397,1420.05641748942,113.095981678118,5,5,"NON-REF","C"
"66","NRS18_MA_10003","NAP",59,6.413,42.341,18.394,20.204,786.71,1.75,2.16,0.696981818,11.42857143,6413,518.871650211566,420.653758067874,5,4,"NON-REF","V"
"67","NRS18_MA_10019","NAP",58,0.241,14.216,10.091,3.407,265.17,2.26,1.23,0.206357143,22.5,241,284.654442877292,70.9348323964189,7,7,"NON-REF","C"
"68","NRS18_KY_10020","SAP",71,0.336,13.591,3.38,25.839,685.84,1.66,3.72,0.181827273,4.545454545,336,95.345557122708,537.976264834478,7,7,"NON-REF","V"
"69","NRS18_RI_10018","NAP",59,0.636,30.466,165.351,9.146,502.45,2.94,1.8,0.303040909,12.38095238,636,4664.34414668547,190.422652508849,7,6,"NON-REF","C"
"70","NRS18_RI_10019","NAP",59,0.578,30.216,41.407,3.271,161.15,5.3,4.73,0.636381818,9.523809524,578,1168.0394922426,68.1032687903394,7,6,"NON-REF","C"
"71","NRS18_MA_10014","NAP",58,0.491,21.466,3.674,1.749,20.25,6.05,1.01,0.102569231,6.666666667,491,103.638928067701,36.4147407870081,7,7,"NON-REF","C"
"72","NRS18_RI_10183","NAP",59,0.602,33.841,17.558,5.807,220.74,2.19,2.54,0.060609091,14.28571429,602,495.289139633286,120.903601915469,7,6,"NON-REF","C"
"73","NRS18_RI_10194","NAP",59,0.308,18.091,17.827,2.031,83.01,4.37,0.35,0.090909091,1.904761905,308,502.877291960508,42.2860712054966,8,7,"REF","C"
"74","NRS18_AL_10007","SAP",67,1.444,27.466,6.871,14.618,1675.08,2.3,5.39,1.1591,8.571428571,1444,193.822284908322,304.351447012284,4,5,"NON-REF","C"
"75","NRS18_AL_10002","SAP",71,1.123,187.966,4.092,5.466,1997.39,1.83,17.24,0.522740909,100,1123,115.430183356841,113.803872579638,4,4,"NON-REF","V"
"76","NRS18_PA_10020","NAP",60,0.302,25.716,14.378,7.512,905.35,2.16,1.87,0.863663636,16.19047619,302,405.58533145275,156.402248594628,6,6,"NON-REF","C"
"77","NRS18_NY_10035","NAP",83,0.381,23.716,4.698,3.694,579.63,3.49,2.95,1.068227273,0,381,132.524682651622,76.910264418072,7,7,"NON-REF","V"
"78","NRS18_AL_10016","SAP",68,1.407,77.591,5.818,66.481,1537.41,2.69,4.71,0.848495455,0,1407,164.118476727786,1384.15573599833,5,5,"NON-REF","C"
"79","NRS18_DE_10015","SAP",64,2.159,34.805,41.737,16.504,1207.36,1.26,1.44,1.000031818,3.80952381,2159,1177.34837799718,343.618571726005,4,5,"NON-REF","C"
"80","NRS18_CT_10008","NAP",59,1.244,67.216,154.103,13.021,2419.19,4.22,3.32,0.702409091,89.52380952,1244,4347.05218617772,271.101394961482,4,4,"NON-REF","C"
"81","NRS18_NY_10027","NAP",58,0.879,38.466,0.85,0.186,572.16,11.12,3.22,0.462140909,15.23809524,879,23.9774330042313,3.87257963772642,6,6,"NON-REF","C"
"82","NRS18_AR_10190","SAP",36,0.242,12.243,2.919,2.062,552.3,1.44,1.66,0,0.952380952,242,82.3413258110014,42.9315011451176,8,8,"REF","C"
"83","NRS18_PA_10002","NAP",62,0.567,65.555,14.652,28.647,404.69,3.73,3.34,1.015186364,0,567,413.314527503526,596.439725171768,5,5,"NON-REF","V"
"84","NRS18_NH_10002","NAP",58,0.344,11.73,6.077,3.818,558.9,3.82,1.43,0.780331818,13,344,171.424541607898,79.4919841765563,8,8,"REF","C"
"85","NRS18_NY_10032","NAP",83,0.116,4.83,13.304,97.161,3345.56,1.37,0.25,0.560627273,0,116,375.289139633286,2022.92317301686,6,6,"NON-REF","C"
"86","NRS18_VT_10001","NAP",58,0.339,4.305,11.696,4.377,428.11,0.51,0.35,2.563883117,0,339,329.929478138223,91.1305434103685,6,6,"NON-REF","V"
"87","NRS18_PA_10006","SAP",67,2.697,463.555,168.415,27.287,1250,2.89,0.04,3.531971531,3.80952381,2697,4750.77574047955,568.124089110972,3,3,"NON-REF","C"
"88","NRS18_PA_10016","SAP",70,0.687,29.305,10.065,21.855,685.45,3.05,7.61,2.325813636,0,687,283.92101551481,455.028107432854,3,3,"NON-REF","C"
"89","NRS18_OH_10037","SAP",70,1.472,82.68,44.442,51.725,3309.52,2.89,14.96,1.388942857,1.818181818,1472,1253.65303244006,1076.9310847387,3,3,"NON-REF","C"
"90","NRS18_RI_10197","NAP",59,0.452,8.518,340.856,5.509,451.98,3.02,2.09,1.045481818,4.761904762,452,9615.11988716502,114.699146366854,8,7,"REF","V"
"91","NRS18_AR_10004","SAP",39,0.402,28.055,3.574,2.125,3400.06,0.93,4.17,0.696986364,7.619047619,402,100.818053596615,44.2431813449927,7,7,"NON-REF","C"
"92","NRS18_AR_10025","SAP",39,0.307,19.555,2.572,2.848,4003.04,0.95,2.49,0.356063636,0,307,72.5528913963329,59.2962731626067,8,8,"REF","C"
"93","NRS18_IL_10027","SAP",71,0.359,99.68,3.444,12.791,2073.7,2.58,2.66,0,6.666666667,359,97.1509167842031,266.312721215907,6,7,"NON-REF","C"
"94","NRS18_PA_10035","SAP",64,0.691,97.68,46.457,13.59,1843.94,3.66,6.15,1.969795455,21.9047619,691,1310.49365303244,282.948157401624,4,5,"NON-REF","C"
"95","NRS18_NY_10007","NAP",61,1.372,123.18,43.876,5.823,1318.12,3.93,16.12,1.075786364,100,1372,1237.68688293371,121.236727045596,3,3,"NON-REF","V"
"96","NRS18_AR_10016","SAP",37,0.263,4.548,1.566,2.907,302.2,1.72,1.35,1.833386364,0,263,44.1748942172073,60.52467207995,8,8,"REF","C"
"97","NRS18_NH_10004","NAP",58,0.381,9.194,9.316,4.367,657.71,3.16,1.51,0.962145455,100,381,262.792665726375,90.9223402040391,6,6,"NON-REF","C"
"98","NRS18_MD_10002","SAP",64,1.598,21.106,17.955,33.643,2542.99,1.89,5.48,1.015159091,0,1598,506.488011283498,700.458047053925,3,3,"NON-REF","C"
"99","NRS18_CT_10036","NAP",59,1.647,54.68,60.933,15.674,2145.74,1.59,2.89,0.940160173,36.19047619,1647,1718.84344146685,326.337705600666,4,4,"NON-REF","C"
"100","NRS18_SC_10479","SAP",45,0.036,14.603,1.015,1.085,304.63,0.65,7.24,1.166672727,13.33333333,36,28.6318758815233,22.5900478867375,7,7,"NON-REF","C"
"101","NRS18_NY_10019","NAP",83,0.6,44.671,117.222,86.341,2438.8,3.93,4.44,2.365138095,100,600,3306.68547249647,1797.64730376848,3,3,"NON-REF","C"
"102","NRS18_AR_10191","SAP",39,0.111,4.215,2.233,5.489,5389.47,0.76,0.61,1.651581818,2.857142857,111,62.9901269393512,114.282739954195,8,8,"REF","C"
"103","NRS18_NY_10061","NAP",83,1.27,53.08,81.166,190.998,3107.98,3.77,5.22,1.439440909,0,1270,2289.59097320169,3976.63960024984,3,3,"NON-REF","C"
"104","NRS18_MD_10010","SAP",64,1.785,15.619,15.175,16.929,3076.43,1.83,2.75,1.022740909,0,1785,428.067700987306,352.467207995003,5,6,"NON-REF","C"
"105","NRS18_SC_10010","SAP",45,0.274,29.733,5.352,1.101,745.67,6.29,2.19,0.045454545,2.857142857,274,150.973201692525,22.9231730168645,7,7,"NON-REF","C"
"106","NRS18_SC_10004","SAP",45,1.063,112.319,8.641,1.164,2795.1,5.7,24.27,0.257586364,3.80952381,1063,243.751763046544,24.2348532167395,5,4,"NON-REF","V"
"107","NRS18_AR_10489","SAP",37,0.209,18.48,2.828,3.233,367.52,1.33,5.15,2.287954545,16.36363636,209,79.7743300423131,67.3120966062877,6,6,"NON-REF","V"
"108","NRS18_AR_10027","SAP",38,0.971,50.651,9.791,32.285,1779.52,2.62,7.01,0.893972727,6,971,276.191819464034,672.184051634395,3,3,"NON-REF","V"
"109","NRS18_RI_10004","NAP",59,0.276,14.134,27.49,4.396,167.51,2.61,1.66,0.42425,9.166666667,276,775.458392101551,91.5261295023943,8,7,"REF","V"
"110","NRS18_GA_10027","SAP",45,0.459,27.253,3.835,0.801,602.12,4.35,5.05,0,11.81818182,459,108.180535966149,16.6770768269831,6,6,"NON-REF","V"
"111","NRS18_RI_10009","NAP",59,0.875,85.973,27.275,5.995,217.95,2.93,1.08,0.212122727,0,875,769.393511988716,124.817822194462,6,5,"NON-REF","C"
"112","NRS18_VT_10184","NAP",58,0.36,5.243,14.534,7.012,1680.67,1.14,0.86,0.628790909,3.80952381,360,409.985895627645,145.992088278159,7,7,"NON-REF","C"
"113","NRS18_AR_10007","SAP",38,0.149,8.88,1.104,1.602,304.75,0.83,2.7,1.015190909,6.25,149,31.1424541607898,33.3541536539663,8,8,"REF","C"
"114","NRS18_VT_10008","NAP",58,0.135,7.629,26.554,7.463,1424.13,1.17,1,0.765159091,0.952380952,135,749.055007052186,155.382052883614,7,7,"NON-REF","C"
"115","NRS18_MA_10007","NAP",59,1.893,248.333,159.781,7.278,164.1,26.55,78.06,1.310636364,21.9047619,1893,4507.22143864598,151.530293566521,5,4,"NON-REF","C"
"116","NRS18_NH_10020","NAP",59,0.356,6.915,14.969,5.107,737.2,2.63,0.97,1.060640909,100,356,422.256699576869,106.329377472413,7,6,"NON-REF","V"
"117","NRS18_KY_10026","SAP",71,0.9,163.235,49.181,38.046,2907,4.47,29.05,3.175793074,8.571428571,900,1387.33427362482,792.129918800749,2,2,"NON-REF","C"
"118","NRS18_RI_10017","NAP",59,1.281,119.385,73.275,7.888,445.57,3.76,20.17,0.893945455,32.38095238,1281,2066.99576868829,164.230689152613,4,3,"NON-REF","V"
"119","NRS18_RI_10192","NAP",59,0.73,64.814,51.589,6.697,503.87,3.85,4.32,1.540424242,40,730,1455.26093088858,139.433687278784,6,5,"NON-REF","C"
"120","NRS18_GA_10022","SAP",45,0.253,23.144,4.851,0.729,1062.54,3.97,11.65,0,17.14285714,253,136.840620592384,15.1780137414116,6,6,"NON-REF","V"
"121","NRS18_SC_10020","SAP",45,0.638,81.511,3.792,2.61,261.51,1.32,2.18,0.378795455,0,638,106.967559943583,54.3410368519675,7,7,"NON-REF","C"
"122","NRS18_AR_10034","SAP",39,0.244,20.031,3.184,3.796,4598.66,1.47,4.27,0.136363636,4.761904762,244,89.8166431593794,79.0339371226317,7,7,"NON-REF","C"
"123","NRS18_MA_10006","NAP",59,0.33,13.02,15.432,4.879,648.34,3.24,2.61,0.782585455,100,330,435.317348377997,101.582344368103,7,6,"NON-REF","C"
"124","NRS18_RI_10008","NAP",59,0.371,19.815,12.024,5.21,180.7,2.39,1.72,0.030304545,37.14285714,371,339.181946403385,108.473870497606,7,6,"NON-REF","C"
"125","NRS18_SC_10781","SAP",45,1.084,151.484,7.719,4.893,583.69,1.82,22.17,0.090909091,0,1084,217.743300423131,101.873828856964,5,4,"NON-REF","C"
"126","NRS18_OH_10009","SAP",70,0.496,85.935,57.685,109.162,2536.03,2.92,23.08,4.113768182,14,496,1627.22143864598,2272.78784093275,3,3,"NON-REF","V"
"127","NRS18_NH_10007","NAP",58,0.378,12.73,2.495,2.473,394.68,4.83,1.63,1.500054545,88.23529412,378,70.3808180535966,51.488652925255,7,7,"NON-REF","C"
"128","NRS18_NY_10038","NAP",59,0.894,18.563,11.421,8.16,358.56,3.16,1.61,1.469768182,0,894,322.172073342736,169.893816364772,7,6,"NON-REF","V"
"129","NRS18_SC_10012","SAP",45,0.578,47.98,7.885,6.598,503.45,2.82,3.9,0.31250625,0,578,222.425952045134,137.372475536123,7,6,"NON-REF","V"
"130","NRS18_CT_10006","NAP",59,0.64,35.041,25.475,3.357,301.04,7.35,2.92,0.696987879,2.857142857,640,718.617771509168,69.893816364772,7,6,"NON-REF","C"
"131","NRS18_NY_10026","NAP",59,0.321,9.203,16.45,3.489,413.05,2.86,2.09,3.098513636,100,321,464.033850493653,72.6420986883198,6,5,"NON-REF","C"
"132","NRS18_VT_10015","NAP",58,0.38,8.356,22.394,6.681,1300.39,1.4,2.15,2.166722727,14.28571429,380,631.706629055007,139.100562148657,6,6,"NON-REF","V"
"133","NRS18_PA_10005","NAP",62,0.11,7.81,0.333,5.155,86.34,0.83,2.92,0,7.619047619,110,9.3935119887165,107.328752862794,8,8,"REF","V"
"134","NRS18_TN_10002","SAP",71,0.569,16.085,3.081,26.313,946.23,1.59,4.17,0.704568182,100,569,86.9111424541608,547.845096814491,6,6,"NON-REF","C"
"135","NRS18_VA_10003","SAP",45,0.325,48.666,0.983,1.04,135.06,6.42,49.3,0.113636364,3.80952381,325,27.7291960507757,21.6531334582553,6,6,"NON-REF","C"
"136","NRS18_OH_10019","SAP",70,1.263,39.199,32.367,80.376,1166.36,2.61,5.6,2.894022727,0,1263,913.032440056417,1673.454091193,2,2,"NON-REF","C"
"137","NRS18_NJ_10019","NAP",62,0.41,27.164,15.842,4.39,299.18,3.28,4.06,0.840945455,0,410,446.88293370945,91.4012075785967,6,6,"NON-REF","V"
"138","NRS18_VT_10013","NAP",58,0.14,3.48,0.499,6.897,2300.47,0.9,0.37,0.652988528,6.666666667,140,14.0761636107193,143.597751405372,8,8,"REF","V"
"139","NRS18_NY_10014","NAP",59,0.293,9.418,8.771,2.972,279.11,3.16,1.52,0.598504545,0,293,247.418899858956,61.877992921091,8,7,"REF","C"
"140","NRS18_TN_10016","SAP",71,1.103,415.603,7.132,9.531,2546.04,2.34,34.4,1.060627273,0,1103,201.184767277856,198.43847595253,5,4,"NON-REF","C"
"141","NRS18_PA_10017","NAP",62,0.289,23.515,0.433,7.51,265.78,0.77,2.13,0,3.80952381,289,12.2143864598025,156.360607953362,7,7,"NON-REF","V"
"142","NRS18_OH_10034","SAP",70,1.119,40.88,31.8,70.087,1095.97,2.57,6.62,3.857611255,0,1119,897.03808180536,1459.23381220071,2,2,"NON-REF","C"
"143","NRS18_CT_10030","NAP",59,0.439,11.124,38.813,5.581,395.07,2.04,1.15,0.402608442,0,439,1094.86600846262,116.198209452426,8,7,"REF","C"
"144","NRS18_SC_10180","SAP",45,0.546,89.211,3.096,1.324,869.42,4.22,7.45,0.181827273,2.857142857,546,87.3342736248237,27.5661045180096,6,6,"NON-REF","V"
"145","NRS18_TN_10007","SAP",71,1.008,435.019,6.903,9.005,2535.79,2.21,36.96,0.848513636,0,1008,194.724964739069,187.486987299604,5,5,"NON-REF","C"
"146","NRS18_MA_10017","NAP",59,0.979,41.944,133.183,5.814,613.64,8.25,3.13,0.431831818,39.04761905,979,3756.92524682652,121.0493441599,5,4,"NON-REF","C"
"147","NRS18_RI_10001","NAP",59,0.915,17.431,85.849,7.668,524.65,3.19,0.9,2.818213636,15.23809524,915,2421.69252468265,159.650218613367,6,5,"NON-REF","C"
"148","NRS18_VA_10005","SAP",67,1.103,29.33,14.656,7.47,2877.24,1.64,4.06,1.909127273,22.85714286,1103,413.42736248237,155.527795128045,5,5,"NON-REF","C"
"149","NRS18_MD_10005","SAP",64,1.725,43.525,72.027,10.859,1538.9,3.75,5.3,2.545472727,5.714285714,1725,2031.79125528914,226.087861753071,3,3,"NON-REF","V"
"150","NRS18_OK_10921","SAP",36,18.7,4050,40.7,32.9,526,6.27,15.6,0.136363636,20.95238095,18700,1148.09590973202,684.988548823652,3,3,"NON-REF","C"
"151","NRS18_PA_10012","NAP",60,0.54,57.829,21.039,6.249,1036.26,3.36,15.25,2.121286364,0,540,593.483779971791,130.106183635228,4,4,"NON-REF","V"
"152","NRS18_PA_10007","NAP",62,0.186,9.443,4.047,5.364,154.55,2.01,2.99,0.212127273,2.857142857,186,114.160789844852,111.680199875078,8,8,"REF","C"
"153","NRS18_VA_10002","SAP",66,0.514,39.15,4.987,14.409,1264.18,3,10.9,0.969722727,0,514,140.677009873061,300,5,6,"NON-REF","C"
"154","NRS18_CT_10002","NAP",59,0.674,71.71,30.595,5.209,439.66,5.4,3.05,0.64395,0,674,863.046544428773,108.453050176973,7,6,"NON-REF","V"
"155","NRS18_OK_10026","SAP",36,0.536,35,1.5,1.53,321,5.21,5.1,0.068181818,0,536,42.3131170662905,31.8550905683948,6,6,"NON-REF","C"
"156","NRS18_IL_10031","SAP",71,0.263,33.889,2.31,3.56,1465.71,3.49,6.42,0.333345455,100,263,65.1622002820874,74.1203414532584,5,5,"NON-REF","C"
"157","NRS18_NY_10018","NAP",62,0.404,26.471,9.15,6.496,561.56,1.65,4.75,1.130998701,1,404,258.110014104372,135.248802831564,6,6,"NON-REF","V"
"158","NRS18_MD_10003","SAP",64,2.169,9.163,17.359,5.101,370.85,1.39,2.02,0.136363636,0,2169,489.675599435825,106.204455548615,6,6,"NON-REF","C"
"159","NRS18_PA_10023","NAP",60,0.751,31.448,43.499,18.344,1860.11,2.97,4.02,1.6137,0,751,1227.05218617771,381.92796169061,4,5,"NON-REF","C"
"160","NRS18_CT_10017","NAP",59,1.368,37.32,50.275,8.617,581.61,5.99,1.24,1.53035,24.76190476,1368,1418.1946403385,179.408702894025,6,5,"NON-REF","C"
"161","NRS18_OK_10036","SAP",36,0.387,23,1.5,2.33,221,4.36,3.6,0.3485,3.80952381,387,42.3131170662905,48.5113470747449,7,7,"NON-REF","V"
"162","NRS18_CT_10004","NAP",59,0.561,35.298,47.722,6.018,375.64,5.39,1.93,0.863645455,0,561,1346.17771509168,125.296689569019,7,6,"NON-REF","C"
"163","NRS18_MD_10014","SAP",64,1.338,21.15,97.04,14.706,1442.18,2.17,0.67,2.966844372,0,1338,2737.37658674189,306.183635227983,3,4,"NON-REF","C"
"164","NRS18_PA_10032","NAP",62,0.168,27.091,0.281,3.424,57.06,2.35,18.31,0,19.04761905,168,7.92665726375176,71.2887778471788,6,6,"NON-REF","V"
"165","NRS18_VT_10018","NAP",58,0.448,11.155,14.948,5.813,1539.22,2.37,1.76,1.628822727,9.523809524,448,421.664315937941,121.028523839267,7,7,"NON-REF","V"
"166","NRS18_RI_10006","NAP",59,0.68,47,25.956,5.899,205.6,5.65,1.28,1.075772727,0,680,732.186177715092,122.8190714137,7,6,"NON-REF","V"
"167","NRS18_VT_10009","NAP",58,0.573,6.789,3.671,7.471,3162.63,2.59,0.23,0.931845455,24.76190476,573,103.554301833568,155.548615448678,8,8,"REF","C"
"168","NRS18_VT_10012","NAP",58,0.566,9.393,1.675,5.124,2441.88,4.66,0.53,0.272727273,27.61904762,566,47.2496473906911,106.683322923173,7,7,"NON-REF","C"
"169","NRS18_AR_10014","SAP",38,0.119,13.181,1.112,1.655,212.37,0.68,5.88,0.819475,1.904761905,119,31.3681241184767,34.457630647512,7,7,"NON-REF","C"
"170","NRS18_IL_10037","SAP",71,0.754,172.439,5.996,8.642,2285.99,4.31,27.63,0.469704545,100,754,169.139633286319,179.929210909848,4,4,"NON-REF","C"
"171","NRS18_PA_10019","SAP",70,0.389,13.889,10.334,43.758,2001.52,1.27,4.74,0,30.47619048,389,291.509167842031,911.05559025609,5,5,"NON-REF","V"
"172","NRS18_RI_10199","NAP",59,0.251,14.771,100.406,5.721,74.45,2.4,1.43,0.7879,8.571428571,251,2832.32722143865,119.113054341037,8,7,"REF","C"
"173","NRS18_AR_10001","SAP",36,0.725,17.043,1.985,2.746,96,4.03,6.46,0.030304545,1.904761905,725,55.9943582510578,57.1726004580471,7,7,"NON-REF","C"
"174","NRS18_NJ_10001","SAP",64,1.619,55.975,146.838,18.418,2225.6,4.88,1.45,2.568204545,0,1619,4142.11565585331,383.468665417447,3,4,"NON-REF","C"
"175","NRS18_MD_10008","SAP",67,1.285,107.415,11.749,6.914,795.29,3.29,11.56,2.403348918,29.52380952,1285,331.424541607898,143.951696856132,2,2,"NON-REF","C"
"176","NRS18_VT_10017","NAP",83,0.413,4.008,15.18,4.48,1271.84,1.1,0.38,0.431818182,0.952380952,413,428.20874471086,93.2750364355611,7,7,"NON-REF","V"
"177","NRS18_NH_10019","NAP",59,0.49,30.223,42.047,2.66,372.08,9.56,1.75,0.090909091,0,490,1186.09308885755,55.3820528836144,7,6,"NON-REF","V"
"178","NRS18_NJ_10334","SAP",64,4.231,145.319,156.975,25.269,2474.52,6.23,0.56,4.469790909,0,4231,4428.06770098731,526.108682073704,3,3,"NON-REF","C"
"179","NRS18_CT_10003","NAP",59,1.301,65.578,56.462,10.976,3377.54,5.63,1.78,1.166704545,16.19047619,1301,1592.7221438646,228.523839267125,6,5,"NON-REF","C"
"180","NRS18_MO_10012","SAP",39,1.551,28.603,8.463,3.609,2683.83,0.63,1.88,1.111505628,7.619047619,1551,238.730606488011,75.1405371642723,6,5,"NON-REF","C"
"181","NRS18_VA_10014","SAP",66,0.133,10.22,0.563,2.064,64.21,1.45,1.71,0,0,133,15.8815232722144,42.9731417863835,8,8,"REF","V"
"182","NRS18_MO_10041","SAP",39,0.209,25.986,5.441,2.695,3163.99,1.51,3.31,1.280359091,10.47619048,209,153.483779971791,56.1107641057672,7,7,"NON-REF","C"
"183","NRS18_OH_10026","NAP",61,0.934,211.683,21.313,14.265,1887.11,9.19,41.38,0,51.42857143,934,601.212976022567,297.001873828857,2,3,"NON-REF","V"
"184","NRS18_OH_10015","NAP",61,1.524,62.36,48.601,20.619,2843.54,4.86,4.73,0.242436364,31.42857143,1524,1370.97320169252,429.294191130543,3,3,"NON-REF","C"
"185","NRS18_PA_10008","SAP",70,0.353,13.47,11.599,209.45,1982.21,1.59,2.57,0.810640909,17.14285714,353,327.193229901269,4360.81615656881,6,6,"NON-REF","C"
"186","NRS18_OH_10025","NAP",61,0.773,30.755,66.045,15.688,1626.1,4.62,3.62,0.151522727,1.904761905,773,1863.04654442877,326.629190089527,4,5,"NON-REF","C"
"187","NRS18_NC_10030","SAP",45,1.12,84,7.3,4.3,NA,12.1,15,0,53.33333333,1120,205.923836389281,89.5273787216323,4,3,"NON-REF","C"
"188","NRS18_VA_10001","SAP",64,2.193,24.373,20.994,18.193,1300.83,2.46,0.86,0.424245455,6.666666667,2193,592.214386459803,378.784093275036,4,5,"NON-REF","V"
"189","NRS18_GA_10006","SAP",66,0.559,25.216,2.202,0.809,427.01,1.33,5.25,0.212131818,0.952380952,559,62.1156558533145,16.8436393920466,6,6,"NON-REF","V"
"190","NRS18_MA_10005","NAP",59,0.811,60.566,140.371,6.235,724.55,9.65,3.73,1.151531818,40,811,3959.68970380818,129.814699146367,5,4,"NON-REF","V"
"191","NRS18_RI_10002","NAP",59,0.906,97.36,98.741,11.121,564.49,5.26,4.31,4.17788,35.41666667,906,2785.35966149506,231.542785758901,4,3,"NON-REF","C"
"192","NRS18_MO_10019","SAP",39,0.611,43.934,2.614,4.765,4004.99,3.8,3.36,0.750031818,0,611,73.737658674189,99.2088278159484,7,7,"NON-REF","C"
"193","NRS18_RI_10020","NAP",59,0.87,67.754,26.805,5.846,227.33,4.24,1.16,1.022754545,0,870,756.135401974612,121.715594420154,6,5,"NON-REF","C"
"194","NRS18_VT_10005","NAP",58,0.239,NA,9.325,4.666,505.95,1.01,0.49,1.951555909,2.857142857,239,263.046544428773,97.1476160732875,NA,NA,"NON-REF","V"
"195","NRS18_GA_10025","SAP",67,0.213,11.348,2.689,3.205,1688.69,1.54,2.42,0.272727273,2.857142857,213,75.8533145275035,66.7291276285655,8,8,"REF","V"
"196","NRS18_MO_10031","SAP",39,1.389,80.043,46.88,81.874,3190.26,2.56,1.61,0.136363636,5.714285714,1389,1322.42595204513,1704.64293150115,4,4,"NON-REF","C"
"197","NRS18_MO_10021","SAP",39,0.354,20.724,10.772,19.593,2544.94,3.09,3.07,0,12.38095238,354,303.864598025388,407.932542161149,5,5,"NON-REF","C"
"198","NRS18_MO_10010","SAP",39,0.256,27.196,5.002,4.074,3354.57,1.04,6.05,0.409104545,0,256,141.100141043724,84.8219862585884,6,6,"NON-REF","C"
"199","NRS18_IN_10003","SAP",71,0.156,7.843,23.227,30.783,3044.3,1.35,2.63,0.33335,4.761904762,156,655.204513399154,640.911930043723,6,6,"NON-REF","C"
"200","NRS18_MA_10009","NAP",59,0.503,43.494,38.034,4.217,362.23,6.72,3.41,1.060627273,0.833333333,503,1072.89139633286,87.7992921090985,7,6,"NON-REF","C"
"201","NRS18_NY_10022","NAP",60,0.438,28.408,17.899,6.112,920.73,2.58,8.38,1.78035,69,438,504.90832157969,127.253799708516,4,4,"NON-REF","V"
"202","NRS18_IN_10498","SAP",71,2.169,9.044,13.795,10.707,2963.54,1.84,8.41,0.6667,33.01886792,2169,389.139633286319,222.923173016864,4,4,"NON-REF","C"
"203","NRS18_IN_10053","SAP",71,1.3,20.575,133.977,39.838,4047.19,2.04,3.46,3.537977273,3.80952381,1300,3779.32299012694,829.439933374974,3,3,"NON-REF","C"
"204","NRS18_NY_10002","NAP",60,0.923,65.661,26.777,7.169,2832.89,2.38,4.71,1.560659091,0,923,755.345557122708,149.260878617531,5,5,"NON-REF","C"
"205","NRS18_MA_10008","NAP",59,1.301,63.948,135.136,14.903,863.35,4.1,2.35,0.893968182,0,1301,3812.01692524683,310.285238392671,5,5,"NON-REF","C"
"206","NRS18_WV_10181","SAP",70,0.515,4.99,6.862,114.695,461,1.1,0.87,1.070534615,3.333333333,515,193.568406205924,2387.9866749948,7,7,"NON-REF","C"
"207","NRS18_NH_10011","NAP",58,0.201,7.576,1.277,2.041,151.21,4.29,1.28,1.136395455,6,201,36.0225669957687,42.4942744118259,8,8,"REF","C"
"208","NRS18_OK_10920","SAP",37,0.398,28,4.24,10.7,1490,2.36,11,0.166668182,10.47619048,398,119.605077574048,222.777430772434,6,6,"NON-REF","C"
"209","NRS18_NY_10066","NAP",60,0.424,30.126,19.336,6.592,1014.99,2.47,6.93,1.825827273,0,424,545.444287729196,137.247553612326,5,5,"NON-REF","V"
"210","NRS18_RI_10005","NAP",59,1.606,36.2,27.051,11.08,380.66,4.47,3.18,1.106063636,7.619047619,1606,763.074753173484,230.68915261295,6,5,"NON-REF","V"
"211","NRS18_PA_10042","NAP",61,0.725,35.215,15.251,6.945,2169.75,4.63,5.54,0.909113636,34.28571429,725,430.211565585331,144.597126795753,4,4,"NON-REF","V"
"212","NRS18_PA_10014","NAP",61,1.009,54.37,27.788,93.47,2307.58,3.52,2.97,0.305570833,16.52173913,1009,783.864598025388,1946.07536956069,4,4,"NON-REF","V"
"213","NRS18_PA_10039","SAP",70,0.231,34.974,15.611,36.998,3992.98,2.06,4.7,0.484863636,0.952380952,231,440.366713681241,770.310222777431,5,5,"NON-REF","V"
"214","NRS18_WV_10013","SAP",70,0.56,33.993,54.667,159.512,2382.16,4.4,11.28,1.439811905,12.38095238,560,1542.0874471086,3321.09098480117,4,4,"NON-REF","V"
"215","NRS18_RI_10201","NAP",59,0.238,13.59,117.841,6.466,131.12,1.71,1.02,0.454568182,5.714285714,238,3324.1466854725,134.624193212575,8,7,"REF","C"
"216","NRS18_CT_10032","NAP",59,1.363,46.706,75.116,9.465,2672.06,2.36,1.27,1.29169375,18,1363,2118.92806770099,197.064334790756,6,5,"NON-REF","C"
"217","NRS18_TN_11090","SAP",67,0.424,20.648,6.41,7.406,1127.27,1.56,3.44,1.658702468,0,424,180.818053596615,154.195294607537,7,7,"NON-REF","V"
"218","NRS18_GA_10005","SAP",45,0.249,17.271,3.195,1.238,585.86,1.24,3.82,0.045454545,17.14285714,249,90.1269393511989,25.7755569435769,8,8,"REF","C"
"219","NRS18_TN_10008","SAP",67,0.716,35.565,7.244,7.844,1364.84,1.6,7.02,1.393968182,0,716,204.344146685472,163.314595044764,6,5,"NON-REF","C"
"220","NRS18_NY_10041","NAP",60,0.733,41.684,33.212,7.58,1620.67,2.66,8.38,1.997194372,0,733,936.868829337094,157.818030397668,5,5,"NON-REF","C"
"221","NRS18_NJ_10002","SAP",67,0.295,11.705,14.857,4.334,327.29,2.31,1.01,0.500018182,0,295,419.097320169252,90.2352696231522,7,7,"NON-REF","V"
"222","NRS18_NY_10020","NAP",60,0.801,37.719,33.683,7.975,1741.02,2.45,8.37,1.856140909,0,801,950.15514809591,166.042057047679,4,4,"NON-REF","C"
"223","NRS18_CT_10009","NAP",59,0.994,62.29,118.906,12.608,3018.17,3.64,5.51,3.273519048,3.80952381,994,3354.18899858956,262.502602540079,3,3,"NON-REF","V"
"224","NRS18_ME_10017","NAP",59,0.681,50.499,16.755,1.736,208.45,15.35,2.69,0.454554545,23.80952381,681,472.637517630465,36.1440766187799,7,6,"NON-REF","V"
"225","NRS18_NY_10021","SAP",67,0.991,115.06,73.195,8.002,3324.82,5.28,12.34,0.560609091,92.38095238,991,2064.73906911142,166.604205704768,3,3,"NON-REF","V"
"226","NRS18_NY_10064","NAP",60,1.019,66.711,28.425,7.775,3093.21,2.47,3.9,1.621277273,1,1019,801.833568406206,161.877992921091,5,5,"NON-REF","C"
"227","NRS18_MA_10016","NAP",59,0.549,28.468,44.057,3.322,415.26,8.98,1.65,1.681859091,71.66666667,549,1242.79266572638,69.1651051426192,6,5,"NON-REF","V"
"228","NRS18_GA_10014","SAP",45,0.784,103.874,4.421,1.03,608.8,1.9,32.91,1.121218182,4.761904762,784,124.710860366714,21.4449302519259,5,5,"NON-REF","V"
"229","NRS18_OH_10021","NAP",61,6.381,150.836,19.741,33.382,2437.03,5.33,14.56,0.409109091,8.571428571,6381,556.868829337094,695.023943368728,3,3,"NON-REF","C"
"230","NRS18_NC_10023","SAP",66,0.3,9,3.6,2.7,NA,0.8,1,1.08335,0,300,101.551480959097,56.2148657089319,NA,NA,"NON-REF","V"
"231","NRS18_OH_10022","NAP",61,2.813,81.461,46.033,44.396,3381.08,4.41,1.94,1.969795455,18.0952381,2813,1298.53314527504,924.338954819904,4,4,"NON-REF","C"
"232","NRS18_MO_10026","SAP",39,1.096,31.086,6.682,4.966,3831.11,1.64,2.66,0.954577273,5.714285714,1096,188.490832157969,103.393712263169,6,6,"NON-REF","C"
"233","NRS18_VA_10013","SAP",69,0.73,17.211,6.239,339.775,3005.57,2.04,5.95,3.300937662,1.904761905,730,175.994358251058,7074.22444305642,5,5,"NON-REF","C"
"234","NRS18_TN_11089","SAP",67,0.391,34.586,6.376,7.43,1016.05,1.53,3.03,2.765177273,0,391,179.858956276446,154.694982302727,6,6,"NON-REF","C"
"235","NRS18_PA_10218","NAP",62,0.385,7.749,6.046,6.361,40.36,8.2,1.82,0.863672727,6.930693069,385,170.550070521862,132.438059546117,8,8,"REF","V"
"236","NRS18_KY_10032","SAP",71,0.466,85.086,8.142,14.133,1153.97,2.06,6.05,1.833404545,100,466,229.675599435825,294.253591505309,4,4,"NON-REF","C"
"237","NRS18_AL_10023","SAP",68,0.414,30.086,2.939,2.458,609.68,4.53,5.96,0.674259091,2.857142857,414,82.9055007052186,51.176348115761,6,6,"NON-REF","C"
"238","NRS18_PA_10018","NAP",62,0.244,8.024,2.886,5.312,152.31,1.41,0.89,0.030304545,7.619047619,244,81.410437235543,110.597543202165,8,8,"REF","C"
"239","NRS18_MO_10051","SAP",39,1.179,82.461,197.394,61.711,5768.09,2.02,0.71,2.671380736,0,1179,5568.23695345557,1284.84280657922,3,3,"NON-REF","C"
"240","NRS18_MO_11111","SAP",39,0.44,16.086,4.261,2.888,3977.71,0.81,2.54,0.36365,13,440,120.197461212976,60.1290859879242,8,8,"REF","C"
"241","NRS18_NJ_10007","SAP",64,2.394,179.586,362.028,51.463,1588.78,4.1,5.15,4.825809091,100,2394,10212.3554301834,1071.47616073288,1,1,"NON-REF","V"
"242","NRS18_NJ_11083","SAP",64,2.419,182.086,120.843,17.029,1586.03,4.3,3.04,4.563187662,100,2419,3408.8293370945,354.549240058297,2,3,"NON-REF","C"
"243","NRS18_MO_10213","SAP",39,0.959,7.776,3.981,5.575,3206.91,0.61,0.26,0.33335,7.619047619,959,112.299012693935,116.073287528628,7,7,"NON-REF","V"
"244","NRS18_OH_10007","SAP",70,1.819,206.75,114.205,80.328,3124.14,4.21,20.13,0.787886364,4.166666667,1819,3221.57968970381,1672.45471580262,3,3,"NON-REF","C"
"245","NRS18_NY_10065","SAP",67,1.239,140.05,47.965,11.902,1736.64,9.2,21.7,0.946995455,100,1239,1353.03244005642,247.803456173225,3,3,"NON-REF","V"
"246","NRS18_OH_10004","NAP",61,0.751,54.109,73.289,49.016,3521.9,6.71,16.79,0.152779167,0,751,2067.39069111425,1020.52883614408,3,3,"NON-REF","C"
"247","NRS18_CT_10037","NAP",59,0.42,14.685,44.406,6.814,366.64,4.66,1.1,0.795486364,4.761904762,420,1252.63751763047,141.869664792838,8,7,"REF","C"
"248","NRS18_VA_10011","SAP",45,0.838,55.921,6.965,4.089,988.99,6.25,2.97,1.164895022,6.666666667,838,196.473906911142,85.1342910680825,6,6,"NON-REF","C"
"249","NRS18_MD_10013","SAP",67,1.266,14.48,25.464,4.616,363.31,2.66,6.98,1.090931818,39.04761905,1266,718.307475317348,96.1066000416406,4,4,"NON-REF","V"
"250","NRS18_MO_10214","SAP",39,1.119,136.533,6.918,19.791,2662.36,5.74,24.06,0,19.04761905,1119,195.148095909732,412.054965646471,4,4,"NON-REF","C"
"251","NRS18_PA_10217","NAP",62,0.355,12.364,1.163,3.948,123.86,3.74,2.1,0,2.857142857,355,32.8067700987306,82.1986258588382,8,8,"REF","V"
"252","NRS18_VA_10022","SAP",66,0.204,31.2,5.962,1.989,153.42,1,9.36,0.431836364,0,204,168.18053596615,41.4116177389132,6,6,"NON-REF","V"
"253","NRS18_VA_10006","SAP",67,1.365,33.75,7.448,14.962,2972.27,1.32,3.61,0.098486364,0,1365,210.098730606488,311.513637310015,5,5,"NON-REF","V"
"254","NRS18_GA_10036","SAP",45,0.119,20.646,1.312,5.557,85.76,0.67,2.83,0,0.952380952,119,37.0098730606488,115.698521757235,7,7,"NON-REF","C"
"255","NRS18_NC_10012","SAP",45,0.663,54.648,14.792,12.997,2474.78,7.64,15.15,0,20,663,417.263751763047,270.601707266292,4,5,"NON-REF","C"
"256","NRS18_VA_10004","SAP",66,0.878,88.608,7.411,1.018,468.3,1.56,11.08,1.598490909,21.9047619,878,209.055007052186,21.1950864043306,5,4,"NON-REF","C"
"257","NRS18_VT_10003","NAP",58,0.1,5.263,0.993,3.443,190.43,1.33,0.71,0.560631818,0,100,28.0112834978843,71.6843639392047,8,8,"REF","C"
"258","NRS18_AL_11088","SAP",67,0.461,58.009,3.823,6.071,1298.04,1.82,11.26,0.492427273,49.49494949,461,107.842031029619,126.400166562565,5,5,"NON-REF","V"
"259","NRS18_WV_10005","SAP",69,0.236,15.023,6.228,90.182,3293.75,1.26,7.89,1.659109091,5,236,175.684062059238,1877.61815531959,6,6,"NON-REF","V"
"260","NRS18_NY_10700","NAP",58,4.25,587.2,139.648,17.104,1829.2,3.54,2.29,0.303045455,3,4250,3939.29478138223,356.110764105767,4,5,"NON-REF","C"
"261","NRS18_NC_10037","SAP",45,1.103,87.765,6.73,1.687,689.25,3.11,6.46,0,22.85714286,1103,189.84485190409,35.123880907766,5,5,"NON-REF","C"
"262","NRS18_VT_10004","NAP",58,0.161,6.595,46.333,3.649,472.7,2.5,1.58,0.539343074,0.952380952,161,1306.99576868829,75.9733499895898,7,7,"NON-REF","C"
"263","NRS18_NY_10063","SAP",67,1.371,192.68,66.998,8.06,1777.98,3.95,4.13,0.030304545,31.42857143,1371,1889.92947813822,167.811784301478,4,4,"NON-REF","V"
"264","NRS18_KY_10029","SAP",69,0.479,49.415,13.694,173.369,2163.97,1.51,26.82,1.469722727,0,479,386.290550070522,3609.59816781178,4,4,"NON-REF","C"
"265","NRS18_OH_10010","SAP",70,2.619,268.059,28.902,42.139,3637.27,3.89,40.7,0.704563636,11,2619,815.289139633286,877.347491151364,3,3,"NON-REF","C"
"266","NRS18_VA_10008","SAP",67,0.56,11.319,4.75,4.919,2491.69,1.08,1.38,0.833341667,0,560,133.991537376587,102.415157193421,8,8,"REF","C"
"267","NRS18_NY_10399","SAP",67,0.7,69.401,72.209,5.985,2098.26,8.1,6.96,2.447013636,3.80952381,700,2036.92524682652,124.609618988132,4,4,"NON-REF","C"
"268","NRS18_NY_10054","NAP",60,0.376,17.371,0.508,1.892,49.2,1.89,2.06,0.068181818,0.952380952,376,14.3300423131171,39.3920466375182,7,7,"NON-REF","V"
"269","NRS18_NY_10039","NAP",60,0.661,42.183,19.6,6.01,2149.82,2.34,10.6,0.575768182,100,661,552.891396332863,125.130127003956,4,4,"NON-REF","C"
"270","NRS18_NC_10032","SAP",66,0.203,16.303,0.476,1.894,155.36,0.47,3.77,1.075781818,0,203,13.4273624823695,39.4336872787841,8,8,"REF","V"
"271","NRS18_WV_10009","SAP",70,0.223,9.29,1.633,11.853,355.48,1.32,3.19,3.043710606,1.904761905,223,46.064880112835,246.783260462211,7,7,"NON-REF","C"
"272","NRS18_OH_10031","SAP",70,0.4,20.238,9.688,152.654,509.85,1.95,10.89,0.590931818,78,400,273.286318758815,3178.30522590048,3,3,"NON-REF","V"
"273","NRS18_OH_10658","SAP",70,0.793,18.273,8.894,51.222,2799.43,1.69,5.52,0.833354545,6.666666667,793,250.888575458392,1066.45846346034,4,4,"NON-REF","C"
"274","NRS18_VT_10014","NAP",58,0.121,3.738,0.531,3.241,140.16,2.29,0.49,1.143954545,0,121,14.9788434414669,67.4786591713512,8,8,"REF","C"
"275","NRS18_WV_10019","SAP",70,0.208,30.909,27.352,45.673,3648.64,1.89,8.04,1.295477273,0,208,771.565585331453,950.926504268166,4,4,"NON-REF","C"
"276","NRS18_SC_10779","SAP",45,0.411,50.014,2.824,1.881,254.41,1.2,13.06,0.621218182,0,411,79.6614950634697,39.1630231105559,6,6,"NON-REF","C"
"277","NRS18_KY_10003","SAP",69,0.374,75.368,0.408,4.143,79.79,1.79,40.42,0,5.714285714,374,11.509167842031,86.2585883822611,6,6,"NON-REF","C"
"278","NRS18_OK_10024","SAP",36,0.241,9,1.167,1.82,70,0.64,5,0.204545455,0,241,32.919605077574,37.8929835519467,8,8,"REF","C"
"279","NRS18_OK_10040","SAP",39,2.48,56,7.46,9.74,1890,1.2,3.6,0.393940909,0,2480,210.437235543018,202.789922964814,6,5,"NON-REF","C"
"280","NRS18_KY_10004","SAP",71,1.908,128.915,3.839,19.423,2388.24,3.81,74.9,0.765181818,12.38095238,1908,108.293370944993,404.39308765355,4,4,"NON-REF","C"
"281","NRS18_NH_10012","NAP",58,0.116,5.569,1.807,2.364,38.36,3.52,0.24,0.604179167,0.909090909,116,50.9732016925247,49.2192379762648,7,7,"NON-REF","C"
"282","NRS18_PA_10034","NAP",62,0.459,87.071,6.73,3.972,165.27,3.19,15.02,0.3485,0,459,189.84485190409,82.6983135540287,6,6,"NON-REF","V"
"283","NRS18_WV_10008","SAP",67,1.471,30.598,12.805,12.844,2951.39,1.84,3.75,1.484877273,7,1471,361.212976022567,267.416198209452,4,5,"NON-REF","C"
"284","NRS18_NC_10006","SAP",45,0.37,22.875,5.433,4.71,596.37,2.52,4.37,0.575775909,10,370,153.258110014104,98.0637101811368,7,7,"NON-REF","C"
"285","NRS18_NC_10027","SAP",45,0.856,80.336,10.677,7.16,638.27,5.23,9.99,0.515172727,0,856,301.184767277856,149.073495731834,4,4,"NON-REF","C"
"286","NRS18_MD_11081","SAP",64,1.499,31.996,13.952,19.257,2633.8,1.77,4.13,0.27707013,0,1499,393.568406205924,400.936914428482,4,4,"NON-REF","C"
"287","NRS18_NC_10010","SAP",45,0.396,31.809,2.186,2.325,203.71,1.75,15.66,1.159109091,0,396,61.6643159379408,48.4072454715803,6,6,"NON-REF","V"
"288","NRS18_OK_10035","SAP",36,0.8,92,3.99,3.77,355,6.13,45.2,0.068181818,0,800,112.552891396333,78.4926087861753,5,5,"NON-REF","V"
"289","NRS18_NY_10051","NAP",58,0.488,32.701,0.067,0.365,262.2,7.44,4.32,0.515159091,35.23809524,488,1.88998589562764,7.59941703102228,6,6,"NON-REF","C"
"290","NRS18_TN_10015","SAP",67,0.229,10.814,1.142,2.016,208.19,0.79,2.08,1.371240909,0,229,32.2143864598025,41.9737663960025,8,8,"REF","V"
"291","NRS18_MD_10004","SAP",67,0.956,17.3,7.259,38.532,1165.15,2.13,3.03,0.272740909,0,956,204.767277856135,802.248594628357,6,5,"NON-REF","V"
"292","NRS18_KY_10005","SAP",69,0.411,17.784,2.042,397.69,2414.02,1.48,5.09,2.348518182,15.23809524,411,57.6022566995769,8280.03331251301,5,5,"NON-REF","C"
"293","NRS18_GA_10019","SAP",45,1.031,62.49,4.905,3.203,290.85,1.19,23.6,0.962140909,0,1031,138.36389280677,66.6874869872996,5,5,"NON-REF","C"
"294","NRS18_NH_10017","NAP",58,0.081,11.501,0.305,2.862,73.83,2.44,0.88,0.636377273,0,81,8.60366713681241,59.5877576514678,8,8,"REF","C"
"295","NRS18_NC_10001","SAP",45,15.4,1842.525,81.77,21.09,680.86,5.59,0.84,0.098486364,26.66666667,15400,2306.62905500705,439.100562148657,3,3,"NON-REF","C"
"296","NRS18_NY_10089","NAP",58,0.365,20.22,0.537,2.188,168.74,7.2,2.61,0.606684,0,365,15.148095909732,45.5548615448678,7,7,"NON-REF","C"
"297","NRS18_WV_10020","SAP",69,0.761,31.73,5.024,10.08,821.86,1.56,5.03,1.712177273,1,761,141.720733427362,209.868831980012,5,5,"NON-REF","C"
"298","NRS18_TN_10022","SAP",66,0.114,14.001,0.998,2.863,262.13,1,2.86,1.734854545,2.857142857,114,28.1523272214386,59.6085779721008,8,8,"REF","C"
"299","NRS18_GA_10015","SAP",66,0.524,29.038,2.125,2.375,629.41,0.96,8.5,0.136363636,0,524,59.9435825105783,49.4482615032272,6,6,"NON-REF","C"
"300","NRS18_KY_10197","SAP",69,0.21,15.864,5.191,13.618,670.77,1.16,7.01,3.924290909,11.42857143,210,146.431593794076,283.531126379346,5,6,"NON-REF","C"
"301","NRS18_NY_10080","NAP",83,1.514,20.096,5.36,6.46,2214.6,1.83,6.08,1.151572727,22.85714286,1514,151.198871650212,134.499271288778,5,5,"NON-REF","C"
"302","NRS18_PA_10037","NAP",60,0.368,42.488,4.167,2.196,468.29,3.08,2.07,0.58335,8.571428571,368,117.545839210155,45.7214241099313,7,7,"NON-REF","C"
"303","NRS18_TN_10033","SAP",66,0.206,7.578,0.378,2.384,164.21,0.55,1.02,3.174277273,0.952380952,206,10.6629055007052,49.6356443889236,7,7,"NON-REF","V"
"304","NRS18_KY_10010","SAP",69,0.444,50.453,11.858,109.946,1603.02,1.6,32.67,0.795472727,5,444,334.499294781382,2289.11097230897,4,4,"NON-REF","C"
"305","NRS18_NY_10259","NAP",58,0.265,25.148,11.068,3.783,767.47,1.04,4.38,0.454568182,47.61904762,265,312.214386459803,78.7632729544035,5,5,"NON-REF","V"
"306","NRS18_CT_10010","NAP",59,0.294,18.585,23.957,4.118,294.93,2.83,1.21,0.431831818,0,294,675.796897038082,85.7380803664376,8,7,"REF","C"
"307","NRS18_CT_10019","NAP",58,0.656,37.523,33.392,5.336,2192.82,2.99,3.4,0.363636364,0,656,941.946403385049,111.097230897356,6,6,"NON-REF","C"
"308","NRS18_NY_10068","NAP",83,1.438,77.806,33.178,70.33,5231.27,6.52,6.53,1.446981818,17,1438,935.909732016925,1464.29315011451,3,3,"NON-REF","C"
"309","NRS18_NH_10003","NAP",58,0.186,10.013,8.356,2.064,138.17,3.17,0.7,0.257581818,0,186,235.712270803949,42.9731417863835,8,7,"REF","C"
"310","NRS18_NY_10704","NAP",83,0.629,22.833,22.492,8.536,1957.89,2.95,6.79,2.704563636,100,629,634.471086036671,177.722256922757,3,3,"NON-REF","V"
"311","NRS18_RI_10202","NAP",59,0.459,42.318,14.802,1.709,181.03,5.85,1.85,0.068181818,11.42857143,459,417.545839210155,35.5819279616906,7,6,"NON-REF","C"
"312","NRS18_MA_10001","NAP",58,0.883,47.745,38.985,6.316,193.39,6.83,4.49,0.4091,0,883,1099.71791255289,131.501145117635,5,5,"NON-REF","V"
"313","NRS18_AL_10189","SAP",71,1.915,11.976,8.224,0.985,119.8,0.52,6.55,0.840940909,35.23809524,1915,231.988716502116,20.5080158234437,5,4,"NON-REF","C"
"314","NRS18_NY_10012","NAP",59,0.688,18.421,24.353,14.87,1759.87,3.09,2.88,1.106081818,18,688,686.967559943583,309.598167811784,7,7,"NON-REF","C"
"315","NRS18_WV_10006","SAP",70,0.553,61.361,22.052,110.205,2185.31,1.66,35.54,2.121254545,0,553,622.059238363893,2294.5034353529,3,3,"NON-REF","C"
"316","NRS18_NH_10001","NAP",58,0.263,10.789,20.238,2.224,143.83,2.01,0.9,0.666681818,36.19047619,263,570.888575458392,46.3043930876536,6,6,"NON-REF","C"
"317","NRS18_NY_10034","NAP",60,1.191,24.219,43.495,7.962,2384.37,2.23,3.18,1.068218182,0,1191,1226.93935119887,165.77139287945,5,5,"NON-REF","C"
"318","NRS18_NH_10031","NAP",58,0.11,6.685,0.387,2.433,34.14,2.31,0.01,0,0,110,10.916784203103,50.6558400999375,7,7,"NON-REF","C"
"319","NRS18_NY_10090","NAP",60,1.014,29.131,41.194,14.448,2846.99,2.56,6.28,0.446981818,0,1014,1162.03102961918,300.811992504685,3,4,"NON-REF","C"
"320","NRS18_NY_10081","NAP",60,0.411,71.91,10.636,7.113,1563.63,2.89,27.14,0.136363636,2.857142857,411,300.028208744711,148.094940662086,5,5,"NON-REF","C"
"321","NRS18_WV_10004","SAP",70,0.508,64.87,14.881,16.344,2742.97,2.62,3.89,2.505799567,4.761904762,508,419.774330042313,340.287320424735,4,5,"NON-REF","C"
"322","NRS18_KY_10015","SAP",69,0.561,25.843,11.932,293.855,2869.71,1.37,22.19,1.810631818,1,561,336.586741889986,6118.15531959192,4,4,"NON-REF","C"
"323","NRS18_DE_10014","SAP",64,5.638,70.315,62.508,41.226,1308.75,2.09,0.76,1.537909091,0.952380952,5638,1763.27221438646,858.338538413492,4,4,"NON-REF","V"
"324","NRS18_PA_10816","SAP",67,2.9,58.306,10.561,13.852,3466.69,1.23,8.25,1.143959091,26.66666667,2900,297.912552891396,288.403081407454,2,3,"NON-REF","C"
"325","NRS18_WV_10011","SAP",69,0.826,32.604,5.231,7.521,975.6,1.84,5.48,0.96215,0,826,147.559943582511,156.589631480325,5,5,"NON-REF","C"
"326","NRS18_KY_10011","SAP",68,0.636,35.74,5.761,22.027,1137.28,2.89,8.19,0.992463636,52.38095238,636,162.510578279267,458.60920258172,4,4,"NON-REF","V"
"327","NRS18_KY_10007","SAP",69,0.269,19.635,7.02,334.27,2621.61,1.83,11.35,0.75,15.30612245,269,198.02538787024,6959.6085779721,6,6,"NON-REF","C"
"328","NRS18_NH_10006","NAP",58,0.231,9.663,15.658,3.361,160.07,2,0.73,0.555561905,0,231,441.692524682652,69.9770976473038,7,7,"NON-REF","C"
"329","NRS18_NH_10009","NAP",58,0.236,12.605,61.756,7.002,840.02,2.66,0.91,1.303045455,0,236,1742.05923836389,145.78388507183,7,7,"NON-REF","C"
"330","NRS18_PA_10010","SAP",67,0.764,21.968,15.61,37.505,820.19,1.55,6.55,1.984886364,0.952380952,764,440.33850493653,780.86612533833,3,3,"NON-REF","C"
"331","NRS18_TN_10490","SAP",71,1.249,101.254,3.361,7.163,3371.5,1.31,3.51,1.651536364,3.80952381,1249,94.8095909732017,149.135956693733,6,6,"NON-REF","C"
"332","NRS18_AL_10018","SAP",67,0.61,15.948,6.309,24.841,2349.15,1.52,3.42,0.242427273,0,610,177.968970380818,517.197584842807,7,7,"NON-REF","C"
"333","NRS18_PA_10220","NAP",62,0.976,28.05,4.473,5.051,254.25,1.67,4.67,0,0.769230769,976,126.177715091678,105.163439516969,6,6,"NON-REF","C"
"334","NRS18_WV_10018","SAP",70,0.165,18.68,7.175,14.689,1729.75,1.83,7.59,1.560613636,25.71428571,165,202.397743300423,305.829689777223,5,5,"NON-REF","V"
"335","NRS18_ME_10004","NAP",59,0.206,12.344,9.4934,1.846,147.32,3.25,1.94,1.628813636,1,206,267.796897038082,38.4343118884031,8,7,"REF","C"
"336","NRS18_NY_10004","NAP",58,0.276,18.764,0.1891,2.572,107.61,4.12,0.52,0,0,276,5.33427362482369,53.5498646679159,8,8,"REF","C"
"337","NRS18_ME_10012","NAP",59,0.194,13.586,9.578,1.836,134.51,3.24,3.03,1.2576,0,194,270.183356840621,38.2261086820737,8,7,"REF","C"
"338","NRS18_AL_10188","SAP",68,0.358,39.025,3.0914,87.448,1527.38,1.89,15.41,0.500004545,18.0952381,358,87.2045133991537,1820.69539870914,5,5,"NON-REF","C"
"339","NRS18_AL_10191","SAP",67,0.116,17.155,1.0798,1.142,64.52,1.19,3.76,0.742440909,0.952380952,116,30.459802538787,23.7768061628149,8,8,"REF","C"
"340","NRS18_PA_10027","NAP",60,0.829,47.804,32.2036,10.22,1731.9,2.66,13.81,1.257595455,0,829,908.423131170663,212.783676868624,4,4,"NON-REF","C"
"341","NRS18_ME_10193","NAP",58,0.196,16.048,12.286,1.944,248.81,2.82,1.48,0,24.54545455,196,346.57263751763,40.474703310431,7,7,"NON-REF","C"
"342","NRS18_GA_10010","SAP",45,0.956,20.96,8.742,6.027,517.08,2.17,3.7,0,0,956,246.600846262341,125.484072454716,6,5,"NON-REF","C"
"343","NRS18_KY_10018","SAP",69,0.556,42.645,9.489,157.694,3032.34,1.78,25.91,2.227322727,1,556,267.672778561354,3283.23964189049,3,3,"NON-REF","C"
"344","NRS18_ME_10044","NAP",58,0.456,31.679,21.331,0.859,571.44,7.68,4.07,0.068181818,0.952380952,456,601.720733427362,17.8846554236935,6,6,"NON-REF","C"
"345","NRS18_ME_10008","NAP",58,0.1,31.78,1.181,3.664,134.36,0.87,2.37,0.068181818,2.857142857,100,33.3145275035261,76.2856547990839,7,7,"NON-REF","C"
"346","NRS18_AL_10025","SAP",68,0.074,9.47,0.947,2.983,1206.3,1.43,1.96,0.204545455,0,74,26.7136812411848,62.1070164480533,8,8,"REF","V"
"347","NRS18_NY_10072","NAP",58,0.294,14.915,0.559,3.663,412.2,2.05,0.57,0.181827273,0.952380952,294,15.7686882933709,76.264834478451,8,8,"REF","V"
"348","NRS18_NY_10055","NAP",58,0.235,11.361,0.147,2.564,95.64,3.76,1.21,0,4.761904762,235,4.14668547249647,53.3833021028524,8,8,"REF","C"
"349","NRS18_NY_10071","NAP",58,0.304,14.093,27.676,4.014,663.01,4.04,1.21,0,0.952380952,304,780.705218617771,83.5727670206121,7,7,"NON-REF","C"
"350","NRS18_ME_10019","NAP",82,0.686,27.559,1.786,0.547,2357.42,11.79,1.62,0.060609091,0,686,50.3808180535966,11.3887153862169,7,7,"NON-REF","V"
"351","NRS18_OK_10031","SAP",37,1.12,187,146,322,3830,4.58,22.6,0.674245455,4.761904762,1120,4118.47672778561,6704.14324380595,3,3,"NON-REF","C"
"352","NRS18_IN_10015","SAP",71,2.321,127.258,70.322,68.152,4584.7,2.88,11.99,0.856081818,2,2321,1983.69534555712,1418.94649177597,3,3,"NON-REF","C"
"353","NRS18_NY_10268","NAP",58,0.363,41.319,0.194,1.36,282.61,4.35,7.52,0,49.52380952,363,5.47249647390691,28.3156360607953,5,5,"NON-REF","V"
"354","NRS18_PA_10011","NAP",61,1.471,140.633,22.744,24.439,1537.56,5.01,16.36,0.537895455,5,1471,641.579689703808,508.827815948366,3,3,"NON-REF","C"
"355","NRS18_NJ_10008","SAP",67,0.393,22.361,15.585,4.437,335.04,2.37,1.54,1.143606061,0,393,439.633286318759,92.3797626483448,6,6,"NON-REF","C"
"356","NRS18_ME_10005","NAP",82,0.206,9.644,2.6975,1.715,211.13,3.56,1.31,0.439404545,8,206,76.0930888575458,35.7068498854882,8,8,"REF","C"
"357","NRS18_PA_10045","SAP",70,0.379,14.246,12.8456,18.464,962.38,2.48,3.22,2.19705,0,379,362.358251057828,384.426400166563,5,6,"NON-REF","C"
"358","NRS18_IN_10027","SAP",71,1.025,120.281,12.7584,18.39,2401.18,2.89,30.78,0.575786364,11,1025,359.898448519041,382.885696439725,3,4,"NON-REF","C"
"359","NRS18_ME_10006","NAP",82,0.29,14.738,0.3226,1.09,711.91,6.59,2.07,0,3.80952381,290,9.10014104372355,22.6941494899021,8,8,"REF","V"
"360","NRS18_ME_10018","NAP",58,0.478,17.76,0.1762,0.604,715.89,13.3,1.53,0.805566667,12.72727273,478,4.9703808180536,12.5754736622944,8,8,"REF","C"
"361","NRS18_ME_10025","NAP",58,0.188,8.418,0.2208,2.469,504.93,5.08,0.87,0,1.904761905,188,6.22849083215797,51.4053716427233,8,8,"REF","C"
"362","NRS18_VA_10009","SAP",64,0.431,28.633,19.2554,7.565,885.44,2.17,1.53,1.181827273,22.85714286,431,543.170662905501,157.505725588174,6,6,"NON-REF","C"
"363","NRS18_ME_10002","NAP",82,0.37,52.939,3.9415,10.102,790.22,6.33,2.5,1.409131818,0,370,111.184767277856,210.326879033937,7,7,"NON-REF","C"
"364","NRS18_ME_10013","NAP",58,0.214,5.565,0.961,2.083,680.44,5.71,0.58,0.3485,0,214,27.1086036671368,43.3687278784093,8,8,"REF","V"
"365","NRS18_PA_10046","SAP",64,2.875,222.125,65.273,20.144,1754.8,3.51,6.15,1.500009091,30.47619048,2875,1841.26939351199,419.404538829898,2,2,"NON-REF","C"
"366","NRS18_PA_10038","NAP",62,0.246,11.871,2.082,5.55,129.86,3.94,1.73,0,0,246,58.7306064880113,115.552779512804,8,8,"REF","V"
"367","NRS18_ME_10001","NAP",58,0.265,13.151,0.2,1.504,611.16,4.91,1.03,0,0.869565217,265,5.64174894217207,31.3137622319384,8,8,"REF","V"
"368","NRS18_VA_10017","SAP",45,0.33,37.2,2.722,0.893,351.97,1.12,11.16,0.939404545,5.714285714,330,76.7842031029619,18.5925463252134,6,6,"NON-REF","C"
"369","NRS18_OH_10016","NAP",61,1.628,82.161,69.346,25.171,2384.98,5.56,6.25,1.520875,0,1628,1956.16361071932,524.068290651676,3,3,"NON-REF","C"
"370","NRS18_CT_10011","NAP",59,0.629,62.084,28.538,8.109,764.72,2.95,2.89,2.280331818,80,629,805.021156558533,168.831980012492,5,4,"NON-REF","C"
"371","NRS18_VA_10007","SAP",45,0.421,40.646,3.869,1.17,514.49,1.51,9.34,0.181827273,0,421,109.139633286319,24.3597751405372,6,6,"NON-REF","C"
"372","NRS18_NC_10003","SAP",66,0.354,38.939,1.609,1.556,416.49,1.45,11.26,0.371213636,28.57142857,354,45.3878702397743,32.3964189048511,5,5,"NON-REF","C"
"373","NRS18_NY_10402","SAP",67,1.454,313.456,24.625,2.327,1573.48,14.35,1.88,0.462122727,95.23809524,1454,694.640338504936,48.4488861128461,4,4,"NON-REF","C"
"374","NRS18_PA_10025","SAP",69,1.828,172.16,16.217,86.923,835.43,2.72,107,1.037922727,0,1828,457.461212976022,1809.76473037685,3,3,"NON-REF","V"
"375","NRS18_MD_10006","SAP",67,0.726,19.895,7.192,109.862,608.32,1.73,4.86,1.068204545,0,726,202.877291960508,2287.36206537581,7,6,"NON-REF","C"
"376","NRS18_CT_10005","NAP",59,0.635,60.598,30.524,8.412,763.29,2.9,2.56,1.363654545,50,635,861.043723554302,175.140537164272,6,5,"NON-REF","C"
"377","NRS18_CT_10007","NAP",59,0.63,70.725,31.064,8.571,759.41,2.85,3.06,1.93185,21,630,876.276445698166,178.450968144909,7,6,"NON-REF","V"
"378","NRS18_MA_10010","NAP",59,0.389,10.883,18.335,5.762,770.6,2.6,0.49,1.295463636,0,389,517.207334273625,119.966687486987,8,7,"REF","C"
"379","NRS18_MA_10631","NAP",59,0.393,11.311,18.823,5.888,752.73,2.72,0.51,0.931831818,0,393,530.973201692525,122.590047886737,8,7,"REF","C"
"380","NRS18_NY_10272","NAP",83,2.355,163.46,57.064,40.799,6331.55,7.53,1.16,0.113636364,13.33333333,2355,1609.70380818054,849.448261503227,4,4,"NON-REF","C"
"381","NRS18_MA_10004","NAP",59,0.339,7.835,19.346,5.792,840.56,2.53,0.57,0.712127273,0,339,545.726375176305,120.591297105975,8,7,"REF","C"
"382","NRS18_NH_10018","NAP",58,0.313,34.095,30.534,5.012,1195.39,2.22,7.94,2.848627273,0.952380952,313,861.32581100141,104.351447012284,4,4,"NON-REF","C"
"383","NRS18_WV_10180","SAP",69,0.276,3.79,9.834,314.417,718.21,1.41,0.56,0,4.761904762,276,277.404795486601,6546.26275244639,6,6,"NON-REF","C"
"384","NRS18_DE_10021","SAP",64,0.985,44.343,54.738,9.115,1253.38,2.03,0.26,2.250022727,10.47619048,985,1544.09026798307,189.777222569228,4,4,"NON-REF","V"
"385","NRS18_GA_10018","SAP",67,0.419,15.391,5.986,4.251,559.41,1.43,2.92,1.174286364,0,419,168.85754583921,88.5071830106184,8,8,"REF","C"
"386","NRS18_MA_10002","NAP",59,1.793,65.644,114.191,13.779,1263.79,6.01,3.08,0.136363636,31,1793,3221.18476727786,286.883198001249,4,4,"NON-REF","C"
"387","NRS18_VA_10020","SAP",45,0.286,29.105,3.022,1.552,389.11,5.11,4.28,0,7.619047619,286,85.24682651622,32.3131376223194,7,7,"NON-REF","V"
"388","NRS18_ME_10020","NAP",82,0.664,45.1,2.837,0.553,193.55,29.92,0.75,0.39395,10.47619048,664,80.0282087447109,11.5136373100146,7,7,"NON-REF","C"
"389","NRS18_NY_10040","NAP",59,0.873,85.984,31.884,16.896,1892.14,3.96,16.6,1.909154545,0,873,899.407616361072,351.780137414116,4,4,"NON-REF","C"
"390","NRS18_NY_10042","NAP",58,0.226,7.671,7.344,3.809,329.4,4.39,0.71,0.515168182,0,226,207.165021156559,79.3046012908599,8,7,"REF","C"
"391","NRS18_ME_10493","NAP",82,0.283,8.088,2.611,1.988,237.12,4.56,1.17,0.924254545,0,283,73.6530324400564,41.3907974182802,8,8,"REF","C"
"392","NRS18_NY_10016","NAP",59,1.144,82.455,33.179,15.273,1673.65,4.06,14.54,2.015181818,0,1144,935.937940761636,317.988757026858,3,3,"NON-REF","C"
"393","NRS18_ME_10014","NAP",82,0.393,11.819,1.993,1.211,234.92,11.3,0.92,1.143972727,0,393,56.2200282087447,25.2134082864876,8,8,"REF","C"
"394","NRS18_KS_10141","SAP",39,0.545,26.163,3.801,6.559,1600.88,2.67,5.86,0.045454545,0,545,107.22143864598,136.560483031439,6,6,"NON-REF","C"
"395","NRS18_DE_10018","SAP",64,3.969,56.124,46.096,24.425,1625.7,2.08,2.4,0.462131818,6.666666667,3969,1300.31029619182,508.536331459504,4,4,"NON-REF","V"
"396","NRS18_NH_10035","NAP",58,0.233,5.725,28.777,4.254,288.64,2,0.08,3.258460173,7.619047619,233,811.763046544429,88.5696439725172,6,6,"NON-REF","V"
"397","NRS18_VA_10019","SAP",67,0.155,8.758,1.758,6.386,1683.69,1.15,1.49,1.000031818,0,155,49.5909732016925,132.95856756194,8,8,"REF","C"
"398","NRS18_NY_10707","NAP",60,0.888,103.711,41.246,9.91,1130.29,2.35,3.73,2.181877273,58,888,1163.49788434415,206.329377472413,3,3,"NON-REF","V"
"399","NRS18_DE_10007","SAP",64,1.231,17.278,111.461,8.707,863.29,1.51,0.3,0.67425,5.714285714,1231,3144.17489421721,181.282531750989,6,6,"NON-REF","C"
"400","NRS18_ME_10007","NAP",82,0.2,6.604,0.221,1.321,235.85,6.01,1.34,0.181827273,0,200,6.23413258110014,27.5036435561108,8,8,"REF","C"
"401","NRS18_TN_10489","SAP",67,1.141,28.808,3.445,4.724,3458.31,1.06,12.27,1.346701082,63.80952381,1141,97.179125528914,98.3551946699979,4,4,"NON-REF","C"
"402","NRS18_ME_10194","NAP",82,0.353,13.15,1.105,0.816,158.71,12.96,0.76,0.0625,3.636363636,353,31.1706629055007,16.9893816364772,8,8,"REF","C"
"403","NRS18_ME_10003","NAP",82,0.311,14.023,1.87,0.957,104.29,12.44,1.3,0,0,311,52.7503526093089,19.9250468457214,8,8,"REF","C"
"404","NRS18_VA_10016","SAP",67,0.29,55.464,3.27,7.915,2145.66,1.17,1.81,0.090913636,0,290,92.2425952045134,164.792837809702,7,7,"NON-REF","C"
"405","NRS18_GA_10029","SAP",67,0.611,42.8,10.156,16.246,1017.38,1.73,8.97,0.674263636,13,611,286.488011283498,338.246929002707,4,5,"NON-REF","C"
"406","NRS18_NC_10555","SAP",45,0.564,21.384,5.147,5.137,747.77,3.49,1.97,0.401531818,6.666666667,564,145.190409026798,106.953987091401,7,7,"NON-REF","C"
"407","NRS18_KY_10025","SAP",71,4.088,67.276,8.686,14.91,3368.39,1.11,6.7,2.295531818,0,4088,245.021156558533,310.430980637102,3,3,"NON-REF","C"
"408","NRS18_NY_10255","NAP",83,0.294,9.398,5.763,10.579,325.23,5.93,1.08,1.159118182,4,294,162.566995768688,220.258171975848,8,8,"REF","V"
"409","NRS18_NJ_10032","NAP",58,1.329,76.02,27.898,15.402,1333.09,1.77,1.07,1.621263636,0,1329,786.967559943583,320.674578388507,4,5,"NON-REF","C"
"410","NRS18_NY_10702","NAP",58,0.26,14.178,0.221,1.782,99.76,7.89,2.39,0.055558333,0,260,6.23413258110014,37.1018113678951,8,8,"REF","C"
"411","NRS18_PA_10043","SAP",67,0.301,10.271,17.988,4.789,122.39,2.86,0.88,0.818195455,0,301,507.418899858956,99.7085155111389,7,7,"NON-REF","V"
"412","NRS18_MD_10009","SAP",64,2.151,13.921,44.191,12.398,1237.79,1.3,0.89,1.931886364,1,2151,1246.57263751763,258.130335207162,5,6,"NON-REF","C"
"413","NRS18_OK_10033","SAP",37,0.84,90,3.22,11.3,570,4.83,34.2,0.257581818,0,840,90.8321579689704,235.269623152197,5,5,"NON-REF","C"
"414","NRS18_NY_10028","NAP",58,0.2,6.478,0.355,2.244,110.49,4,0.88,0,0,200,10.0141043723554,46.7207995003123,8,8,"REF","C"
"415","NRS18_PA_10044","NAP",62,0.274,8.959,13.522,4.231,359.41,1.69,0.63,1.090931818,0,274,381.438645980254,88.0907765979596,7,7,"NON-REF","C"
"416","NRS18_NY_10279","NAP",58,0.259,18.168,0.893,2.155,211.31,3.63,0.87,0,17.14285714,259,25.1904090267983,44.8677909639808,8,8,"REF","V"
"417","NRS18_PA_10024","NAP",62,0.201,12.254,5.429,11.543,664.14,1.5,2.29,0.653861538,7.2,201,153.145275035261,240.328961066,8,8,"REF","V"
"418","NRS18_MD_10018","SAP",64,2.531,44.043,34.38,16.497,2132.81,1.82,2.89,1.287913636,0,2531,969.816643159379,343.472829481574,4,5,"NON-REF","C"
"419","NRS18_NJ_10020","SAP",67,0.328,26.784,20.375,7.125,830.35,1.74,0.85,1.719740909,0,328,574.75317348378,148.344784509681,6,6,"NON-REF","V"
"420","NRS18_GA_10020","SAP",45,2.531,106.244,11.783,6.897,466.74,1.98,18.9,0.333336364,3,2531,332.383638928068,143.597751405372,4,4,"NON-REF","C"
"421","NRS18_NY_10286","NAP",60,0.169,10.173,6.297,5.586,1242.31,1.12,2.04,0.151522727,7.619047619,169,177.630465444288,116.30231105559,8,8,"REF","C"
"422","NRS18_NY_10091","NAP",60,0.706,24.635,43.724,8.862,2533.78,2.11,4.28,3.909204545,0,706,1233.39915373766,184.509681449094,5,5,"NON-REF","V"
"423","NRS18_VA_10018","SAP",45,0.171,29.265,2.264,0.745,285.51,0.8,8.08,0.121218182,0.952380952,171,63.8645980253879,15.5111388715386,6,6,"NON-REF","C"
"424","NRS18_NY_10013","NAP",60,0.788,22.939,39.343,8.505,2562.19,2.11,3.94,2.015218182,0,788,1109.81664315938,177.076826983136,4,4,"NON-REF","C"
"425","NRS18_NY_10290","NAP",62,0.316,10.37,25.259,3.88,257.59,3.12,0.91,0.030304545,0.952380952,316,712.524682651622,80.7828440557985,7,7,"NON-REF","C"
"426","NRS18_NY_10251","NAP",58,0.239,10.076,0.168,2.17,41.02,6.4,0.53,0.045454545,0,239,4.73906911142454,45.1800957734749,8,8,"REF","C"
"427","NRS18_NY_11299","NAP",62,0.409,34.078,9.957,6.202,644.64,2.2,5.69,1.515213636,0,409,280.874471086037,129.12762856548,5,5,"NON-REF","V"
"428","NRS18_DE_10004","SAP",64,3,79.063,56.052,21.399,1460.92,1.83,1.55,0.765168182,0,3000,1581.15655853315,445.534041224235,4,4,"NON-REF","C"
"429","NRS18_NJ_10633","NAP",58,1.641,42.029,43.069,13.426,4498.54,1.89,0.87,1.298625,21.81818182,1641,1214.92242595204,279.533624817822,4,5,"NON-REF","C"
"430","NRS18_ME_10009","NAP",82,0.17,4.638,0.239,1.082,440.03,2.78,0.35,0,0,170,6.74188998589563,22.5275869248386,8,8,"REF","C"
"431","NRS18_MD_10481","SAP",67,0.16,8.861,22.752,6.606,1173.25,1.62,2.06,0,0,160,641.805359661495,137.539038101187,7,7,"NON-REF","C"
"432","NRS18_NC_10035","SAP",66,0.169,28.725,0.392,1.101,96.09,0.32,3.83,0.272731818,0,169,11.0578279266573,22.9231730168645,7,7,"NON-REF","V"
"433","NRS18_CT_10020","NAP",59,0.711,75.296,35.071,9.871,891.96,2.56,2.22,1.234868182,0,711,989.308885754584,205.517384967729,7,6,"NON-REF","V"
"434","NRS18_PA_10013","NAP",62,0.19,8.606,5.959,18.433,639.32,1.33,1.29,0.3788,2.857142857,190,168.095909732017,383.780970226941,7,8,"NON-REF","C"
"435","NRS18_PA_10009","NAP",60,0.381,10.433,12.028,30.529,850.11,2.38,1.4,1.340927273,18.0952381,381,339.294781382228,635.623568602956,6,6,"NON-REF","C"
"436","NRS18_NC_10897","SAP",45,4.288,340.111,48.265,23.809,1119.41,3.68,3.14,1.15155,8.571428571,4288,1361.49506346968,495.711013949615,4,4,"NON-REF","V"
"437","NRS18_NC_10007","SAP",45,0.944,106.444,3.8,2.581,326.54,1.14,5.9,0.371213636,4,944,107.193229901269,53.7372475536123,5,5,"NON-REF","V"
