"","SITE_ID","lat","long","ecoregion_3","elevation","slope","ws_area","ws_precip","ws_temp","ws_runoff","bfi_ws","perm_ws","erod_ws"
"1","NRS18_NC_10014",36.27389536,-81.87095586,66,77864,0.042091667,53.091,1131.537141,10.74888095,651,50.03109002,9.485693338,0.240655365
"2","NRS18_OK_10023",35.1481488,-94.70189843,37,12928,0.221666667,532.629,1264.54004,16.52464482,413.4755496,19.01631267,4.213956202,0.362985874
"3","NRS18_OK_10830",34.45096028,-94.68104222,36,20582,0.23984375,236.3598,1490.792767,15.56366642,650.0268751,19.58384294,4.668520193,0.354524754
"4","NRS18_OK_10034",34.63573085,-95.1215903,36,17703,0.05312593,929.0736,1382.236105,15.87271497,483.4349126,17.41698182,4.332700193,0.37109861
"5","NRS18_OH_10023",39.2169141,-84.61572904,71,23920,1.21,1.6614,1086.253165,12.53568414,354,22,2.51,0.37
"6","NRS18_KY_10006",38.60544808,-83.95593345,71,21397,0.460336538,13.1535,1131.796214,12.47882516,466,16,1.194886076,0.328136846
"7","NRS18_PA_10004",41.60763429,-77.50377625,62,40923,2.132142857,12.2688,1057.258156,7.214092915,552.0070423,40.03462441,4.608239437,0.326855194
"8","NRS18_GA_10003",33.92673274,-85.05046408,45,38311,0.010733333,0.6138,1319.493247,15.54296351,533,46.45601173,4.05,0.27
"9","NRS18_WV_10010",38.26276189,-81.22257444,69,25503,0.767857143,45.4257,1147.4665,11.83053379,765.0331266,35,9.034908565,0.277768312
"10","NRS18_VT_10034",43.29959964,-72.49427176,58,15485,2.925,10.5903,1146.768073,7.106742027,699.2297952,45,6.87,0.26
"11","NRS18_VT_10011",42.87681254,-72.69005327,58,39999,1.565,13.9626,1375.868973,5.94307726,599.5223024,44.29869795,6.899248421,0.288755962
"12","NRS18_PA_10021",41.65584031,-76.78470344,60,32787,0.458333333,121.2669,987.2953041,7.668032822,504.7976711,36.4188109,2.568656831,0.330731403
"13","NRS18_GA_10001",34.06954655,-84.53634847,45,27325,0.001316964,89.5383,1314.928687,15.76439093,579.4358157,50.29373687,4.11986551,0.272760059
"14","NRS18_WV_10031",38.27591788,-80.83754816,69,54845,4.9,5.2767,1205.299517,10.60991317,772,33,4.226696231,0.32
"15","NRS18_TN_10006",35.10401031,-85.36090452,68,19316,0.024522305,55877.7231,1328.285727,13.00573712,646.0598197,50.20962237,7.315947091,0.286248181
"16","NRS18_TN_10026",35.09888425,-85.35359135,68,19316,0.024522305,55875.4416,1328.281156,13.0056668,646.0614554,50.21015051,7.316037139,0.286246803
"17","NRS18_NY_10010",42.23492503,-78.77276172,62,46110,0.4625,54.3249,1173.091173,7.031963169,635.8715893,41.88427958,6.187304054,0.316619672
"18","NRS18_WV_10015",37.74096976,-81.57619751,69,48682,2.344444444,12.645,1330.433137,10.89370936,497.4498221,40.99459075,15.18502206,0.253007117
"19","NRS18_TN_10001",35.39696394,-84.27655927,67,25241,0.092368421,348.0552,1615.620561,12.97032664,617.8500652,59.65281542,15.45184478,0.239504148
"20","NRS18_TN_10009",36.26537716,-82.31630717,67,50066,0.787091696,28.3149,1194.462656,12.64055889,650.1962112,52.76300817,5.969162455,0.284576142
"21","NRS18_NY_10025",43.12555793,-75.5838354,83,14622,0.626666667,7.1568,1080.16681,8.324812911,659,55.87261066,2.964517103,0.307191901
"22","NRS18_WV_10012",38.63828077,-79.19020318,67,53449,2.0625,6.7383,1008.432727,9.75917857,354,42.30185655,12.95407106,0.300622412
"23","NRS18_OH_10030",41.74291863,-80.86951805,61,22923,0.039211996,1355.3226,1058.58207,9.353588907,507.6865412,29.00427514,2.311421197,0.396342719
"24","NRS18_OH_10005",40.37314874,-81.21326468,70,27488,0.140625,4.3695,1037.516497,10.55886889,394,37.86117405,4.799114315,0.364634398
"25","NRS18_VT_10006",43.91461652,-72.45774359,58,30473,5.723006486,1.4067,1038.569004,5.547350603,642,50,9.502533589,0.257133717
"26","NRS18_TN_10004",35.82909968,-83.48464238,67,30022,2.28,1.2906,1225.136951,14.2977348,617,45.91492329,10.96986053,0.280585774
"27","NRS18_TN_10024",35.91513344,-82.99069143,66,34652,0.12612249,4455.8487,1284.521721,12.2495391,663.1633782,60.39270882,7.381072062,0.250577561
"28","NRS18_WV_10016",38.58067484,-79.51500414,67,85426,6.54,2.4084,1169.996007,7.831486075,354,39.62892377,13.88073991,0.314992526
"29","NRS18_OH_10001",40.70662879,-80.79917275,70,29737,0.49,3.438,976.6574979,10.08818978,392,35.0460733,6.45,0.35
"30","NRS18_VT_10335",43.82072087,-72.54251143,58,14089,0.149129086,1289.0664,1228.792124,5.265028526,641.8741936,48.39522208,6.245196237,0.32343945
"31","NRS18_TN_10010",35.06895377,-85.33959599,67,19316,0.024522305,55829.133,1328.216657,13.0039062,646.0946852,50.21981736,7.3180974,0.286214223
"32","NRS18_WV_10003",38.80393699,-80.89188502,70,26717,2.306666667,1.287,1214.082062,11.36399978,507,27,2.28,0.34
"33","NRS18_OH_10011",39.33002385,-82.26816993,70,21587,NA,59.4972,1004.647839,11.00582746,399.3424396,29.78656138,7.770711563,0.381147214
"34","NRS18_OH_10006",41.79621358,-80.9177645,61,21659,0.653333333,3.7737,1035.955101,9.621173429,528.6374911,22.62318149,1.66,0.391173384
"35","NRS18_PA_10028",41.83369883,-79.17311249,62,35524,0.080138479,8109.2223,1141.58781,7.241983515,652.6693757,41.26325727,6.377313433,0.316066987
"36","NRS18_KY_10001",38.62014264,-85.41853707,71,13251,0.2125,67.9941,1155.468225,12.17185092,435,14.97878198,1.970663543,0.353282241
"37","NRS18_NJ_10183",40.8751201,-74.59050843,58,22615,2.780017921,4.5738,1270.955613,9.371273513,511.9004329,57.07024793,12.92,0.3
"38","NRS18_VT_10002",42.79337093,-72.52476969,59,6586,0.031795289,16201.3761,1170.896692,5.577518737,636.6794903,47.46668515,8.23765921,0.285329163
"39","NRS18_KY_10008",37.98149999,-86.03398954,71,11582,0.006053503,244293.0129,1110.46838,10.96434627,490.3490151,32.74073962,5.258103961,0.343684101
"40","NRS18_SC_10011",34.70968735,-82.46105293,45,23595,0.067520121,927.9927,1462.903224,15.05646439,407.7940652,64.69194251,5.228227026,0.24508311
"41","NRS18_SC_10007",34.96663546,-82.10084104,45,22928,0.103571429,45.7542,1281.98858,15.95986906,473.0560998,57.942661,3.950686691,0.26166411
"42","NRS18_VT_10016",43.17350471,-72.60710706,58,26070,1.033333333,35.7426,1293.801406,5.992997547,725,44.10890366,7.322785416,0.359662336
"43","NRS18_NH_10010",42.95268632,-71.94205599,58,20680,0.057977737,420.0147,1230.519323,7.424319763,565.9148051,45.52979431,12.56750486,0.225962077
"44","NRS18_NC_10020",35.98210036,-78.80607938,45,8299,0.002333333,7.6986,1145.621492,15.22135549,359,26.62169745,3.12,0.27
"45","NRS18_SC_10008",34.93019355,-80.86839803,45,14105,0.047152018,8696.5776,1194.065478,14.61603752,629.1228601,50.17975644,4.632707651,0.252841613
"46","NRS18_GA_10024",33.33285355,-85.21892406,45,27789,0.046,46.1655,1348.417513,15.39536814,496.8562043,51.65060922,6.573166585,0.27
"47","NRS18_CT_10031",41.5886836,-73.35208798,59,14470,3.854666667,2.7792,1255.046894,9.319293836,667,49.02493523,10.0773899,0.221512306
"48","NRS18_CT_10001",41.38091844,-72.78024571,59,8800,3.8625,2.6883,1284.111766,9.915760845,723,49,15.2269702,0.248660864
"49","NRS18_TN_10029",35.54916131,-86.95243071,71,18207,0.260784314,37.3779,1400.77376,14.5828597,628,30.47672823,2.848717103,0.271618068
"50","NRS18_NY_10017",42.08065145,-78.42363781,62,43099,0.088090204,531.1647,1101.573886,6.976736066,632.4780551,37.13366024,6.18061997,0.328239648
"51","NRS18_PA_10015",40.59318131,-76.02771628,67,12465,0.373,342.1467,1302.847902,9.270651005,557.9841963,52.09439372,13.16372306,0.267640381
"52","NRS18_OK_10038",35.96228291,-94.80113987,39,22564,0.12,772.7022,1257.408087,14.79322381,379.233417,37.30163949,4.594958186,0.369102623
"53","NRS18_DE_10016",39.74077165,-75.71143409,64,4820,0.260416667,8.8209,1165.325264,12.02302582,538,53,3.99,0.32
"54","NRS18_WV_10002",39.9187742,-80.79683477,70,18983,0.010642102,65496.4047,1127.310637,9.153456001,592.4465867,37.5062863,6.630748381,0.336241112
"55","NRS18_VT_10023",44.21852254,-72.26004236,58,37689,0.9975,33.3036,1199.062078,4.688455381,568.6051238,48.07423522,5.818742298,0.26698465
"56","NRS18_PA_10026",41.06234628,-76.85619616,67,13379,0.030633876,17213.2515,1087.509736,8.100454385,602.748763,43.26108491,10.29655995,0.289672172
"57","NRS18_NJ_10005",40.70015927,-74.78778261,58,17632,0.173,9.0414,1321.30731,9.310321915,555,49.7609994,12.92,0.3
"58","NRS18_NH_10005",43.19317272,-71.5235048,59,6719,0.045997314,6177.5253,1234.872196,6.660940621,650.3739359,53.36626026,13.99911773,0.209465263
"59","NRS18_KY_10019",38.68588114,-85.17831438,71,12802,0.005386631,215308.7136,1101.052353,10.68919951,489.1359104,33.99580101,5.511146965,0.343807406
"60","NRS18_MA_10013",42.12793973,-73.30680862,58,27299,0.3555,14.3073,1174.975506,7.811317502,667,47.37371831,5.317551739,0.25166761
"61","NRS18_CT_10018",42.04691303,-73.31172517,58,20669,0.135333333,154.287,1222.057196,7.643509616,667.5503704,46.45359622,6.442887709,0.246490521
"62","NRS18_NY_10033",44.91334762,-74.93946612,83,5318,0.070654734,1598.5161,1044.13341,6.206944555,724.9226115,56.96556799,11.40461129,0.269971635
"63","NRS18_MA_10182",42.54022534,-72.86832966,58,46595,1.240566525,4.6071,1315.584919,6.75449115,729.1412385,45.82437976,4.04,0.23
"64","NRS18_NY_10036",44.62279409,-75.2269792,83,9189,0.068404132,1381.6854,1057.319963,6.116108082,724.9423875,57.08060938,12.26996564,0.266569959
"65","NRS18_NY_10015",44.25928163,-75.76743369,83,9373,0.084400151,884.7927,1048.726911,6.953847563,696.6515726,47.40764905,11.00085483,0.307975736
"66","NRS18_MA_10003",42.70916764,-72.45896964,59,6045,0.160666667,1.9557,1175.130776,8.297422556,616,49,11.08115509,0.29109526
"67","NRS18_MA_10019",42.58726947,-72.72401827,58,9663,0.454545455,1303.3998,1404.406293,5.914509906,859.2671289,45.79792532,6.422356235,0.329947384
"68","NRS18_KY_10020",38.12341169,-83.55382563,71,20124,0.032273889,2146.0113,1157.386802,12.74551964,465.8846404,25.52089386,5.923064698,0.354099135
"69","NRS18_RI_10018",41.91278676,-71.44343649,59,3900,0.446666667,1.7451,1269.043528,9.991999493,668,54.58019598,12.23349149,0.223919546
"70","NRS18_RI_10019",41.91551748,-71.6669889,59,11688,1.748046875,31.1058,1305.910499,9.318293812,698.9278398,53.73586598,10.33775707,0.232431283
"71","NRS18_MA_10014",42.62580561,-72.36068271,58,20641,2.4375,7.596,1217.748899,7.48843234,641,49,12.38883649,0.209530806
"72","NRS18_RI_10183",41.47842597,-71.68435454,59,2932,0.07,10.9314,1259.558903,10.02936505,700,66.95265931,19.19523135,0.252698008
"73","NRS18_RI_10194",41.97922064,-71.70946408,59,13889,2.796666667,3.3876,1265.07755,9.300117028,700,52.16684378,7.209311902,0.23195271
"74","NRS18_AL_10007",33.41281268,-86.75189942,67,12132,0.046471424,527.1615,1426.093682,16.63438511,573.8750032,37.48402264,4.255443247,0.30913647
"75","NRS18_AL_10002",34.95092177,-87.042028,71,17205,0.019870584,4785.6267,1449.034077,14.75025274,665.6363382,34.74603521,5.075628031,0.327853412
"76","NRS18_PA_10020",41.64813087,-75.78612077,60,23003,0.231481481,130.1553,1116.103136,7.865211906,505.2322825,40.92835559,2.604806904,0.325410636
"77","NRS18_NY_10035",43.80096023,-75.46668635,83,22089,0.026219742,3127.5378,1280.73286,5.361353776,871.309945,54.33082794,14.14137514,0.250967113
"78","NRS18_AL_10016",33.58483101,-87.0957233,68,7763,0.023314806,2983.0527,1407.992846,16.229154,617.574328,37.04937543,4.53375664,0.276440854
"79","NRS18_DE_10015",39.81746964,-75.64229325,64,5507,0.4125,15.6879,1182.448051,11.90238104,538,54.64735242,3.99,0.32
"80","NRS18_CT_10008",42.01008881,-72.63232541,59,3718,0.383333333,1.3203,1159.002282,10.16163378,679,51,8.098629857,0.34728698
"81","NRS18_NY_10027",43.58079923,-75.95908256,58,31754,0.011166667,4.869,1419.406689,6.51027928,829,48,4.07,0.26
"82","NRS18_AR_10190",34.28039517,-94.44835594,36,28296,0.7175,21.0942,1432.901945,15.45115095,604.8053588,20,4.857104702,0.363784879
"83","NRS18_PA_10002",41.41991585,-78.7477514,62,41313,0.168350168,794.898,1184.18133,7.059877567,675.5344082,42.55106995,9.337659869,0.274025781
"84","NRS18_NH_10002",44.24308509,-72.04818615,58,12180,0.026650179,5712.8067,1159.319228,4.530700596,663.1575722,48.19035219,7.476160769,0.28258644
"85","NRS18_NY_10032",42.97827417,-74.82221319,83,16458,0.689858491,57.0663,1136.154706,7.180784856,783.3650386,45.64376173,3.13754412,0.331772675
"86","NRS18_VT_10001",43.90350591,-72.82532461,58,25880,0.272115385,165.9285,1310.847798,4.684502964,641.6962981,47.33886041,6.482840073,0.376966995
"87","NRS18_PA_10006",41.44305158,-75.66055884,67,23434,0.984848485,46.9314,1145.168068,8.182105998,561.011928,44.76985771,6.487073985,0.294419514
"88","NRS18_PA_10016",40.76001178,-79.54688849,70,23382,0.033334222,23284.6677,1148.611719,7.910735965,651.6638611,40.36255076,7.402897726,0.317755383
"89","NRS18_OH_10037",40.26612187,-81.87411506,70,22397,0.039293348,12572.388,1010.389788,10.08453524,382.7125571,38.62981083,4.688413863,0.386915652
"90","NRS18_RI_10197",41.90500088,-71.50957817,59,8377,2.443333333,3.9951,1276.002032,9.701960509,671.5395359,55,12.56263573,0.216972291
"91","NRS18_AR_10004",36.11488648,-91.96699076,39,15185,0.30625,13.6998,1203.950979,14.83612265,448,40.18709762,5,0.29
"92","NRS18_AR_10025",36.08300385,-91.54011977,39,10760,0.136875,903.699,1216.069902,14.7299908,348.5851929,42.43748693,4.432889906,0.343183785
"93","NRS18_IL_10027",37.58947817,-89.37419247,71,15889,0.68,5.0931,1188.268645,13.80341946,326.0636155,14,3.471231666,0.37
"94","NRS18_PA_10035",40.36424226,-75.27294934,64,10224,0.583333333,10.4895,1225.575575,11.08622548,552,39.68271128,2.74,0.39
"95","NRS18_NY_10007",42.1154688,-79.26636795,61,39855,0.077061697,475.065,1183.716736,7.729512102,686.0619039,41.50981339,5.028856394,0.297190547
"96","NRS18_AR_10016",35.51034155,-91.92887006,37,7989,0.079465989,3051.4923,1296.243825,14.7391513,514.5548049,28.23929,4.597244039,0.279345445
"97","NRS18_NH_10004",43.865808,-72.17821718,58,12027,0.024692821,8095.1022,1149.018297,4.802348314,647.8987801,48.19422188,8.459665761,0.272388424
"98","NRS18_MD_10002",39.06636869,-77.38957869,64,5541,0.028444647,29087.3502,1024.444682,11.1163492,400.4182006,43.86179345,9.54619076,0.300831819
"99","NRS18_CT_10036",41.28863522,-72.86611382,59,844,0.125833333,50.3055,1261.938122,10.51063498,722.8095,48.42091421,16.83843905,0.258124698
"100","NRS18_SC_10479",34.84915278,-83.05363505,45,30176,0.38125,20.4507,1524.00332,15.21438309,810.7130661,67.10808432,4.642371166,0.236720063
"101","NRS18_NY_10019",43.13766757,-76.29550634,83,11202,0.016308923,15638.3613,939.6451045,8.203913088,400.3101452,48.1139257,4.622655448,0.32776226
"102","NRS18_AR_10191",36.0964581,-92.11822359,39,11156,1.6,6.1722,1207.751499,14.63635077,448,37,5,0.29
"103","NRS18_NY_10061",43.16656562,-75.97636262,83,11270,0.030652281,799.236,1064.346299,7.84530284,653.3107484,55.78514481,5.653112774,0.306945667
"104","NRS18_MD_10010",39.3151199,-77.65539854,64,6690,0.039020127,24331.1967,1015.902628,10.91705485,394.7040385,43.39525849,10.20335656,0.299985602
"105","NRS18_SC_10010",33.89573007,-82.01937973,45,9196,0.520833333,67.5432,1156.157512,16.96039532,283,47.58150783,3.49715702,0.372516256
"106","NRS18_SC_10004",34.826529,-80.8152635,45,14522,0.04,97.6113,1133.320857,16.15157212,424.8593913,28.5433121,3.457672534,0.307539301
"107","NRS18_AR_10489",35.52203628,-94.07139992,37,12195,0.286960514,129.1104,1340.032999,15.2914047,525,22.90743503,5.178231513,0.29928445
"108","NRS18_AR_10027",36.08893257,-94.02749288,38,34525,0.018155827,1060.8426,1327.618029,14.27915936,447.3843664,29.54820253,4.993155354,0.282346218
"109","NRS18_RI_10004",41.50653938,-71.71228802,59,2326,0.084550866,155.6442,1229.5703,9.850841454,699.4658143,62.84566723,17.12994906,0.229140386
"110","NRS18_GA_10027",33.60959357,-82.21193048,45,5969,0.095675676,281.9565,1150.862128,17.10734802,487.1640423,50.5341941,5.610433152,0.250200935
"111","NRS18_RI_10009",41.40064885,-71.73109982,59,1470,0.049086982,559.7964,1247.7968,9.962590091,699.5688541,65.60274182,17.67679807,0.231943276
"112","NRS18_VT_10184",43.51047318,-73.24101049,58,12275,0.366666667,121.716,1217.198564,6.909593814,557.2782904,46.4997412,4.62191711,0.304204895
"113","NRS18_AR_10007",35.67817479,-93.74408948,38,24111,0.1589,536.6646,1363.215735,14.44038942,524.2924816,23.83051481,5.015135286,0.280761571
"114","NRS18_VT_10008",43.23836778,-73.24959885,58,21897,0.96,16.5393,1300.247464,6.631781171,688.2498776,48,6.084551341,0.334278174
"115","NRS18_MA_10007",42.14235046,-70.89254964,59,3780,0.963333333,3.1347,1252.174862,10.19462533,661.2845248,53.98478323,30.41033018,0.182026988
"116","NRS18_NH_10020",42.9547515,-72.53091136,59,6599,0.031795289,14830.7769,1155.936188,5.517877788,631.7770513,47.74791938,8.330446757,0.279548081
"117","NRS18_KY_10026",39.03353098,-84.50062278,71,14202,0.21875,150.1047,1069.7171,12.64292629,464.3500956,15.63669559,1.360664216,0.355932319
"118","NRS18_RI_10017",41.63146727,-71.44787904,59,1383,0.17,10.7226,1213.715505,10.53677881,668,63.61188518,26.81711348,0.16217811
"119","NRS18_RI_10192",41.73250387,-71.4937123,59,2155,0.044117647,5.841,1230.052798,10.18963546,668,59.06841294,7.466192604,0.227149461
"120","NRS18_GA_10022",33.58986194,-82.21196701,45,6358,0.178673528,70.1928,1148.7008,17.24994007,489,55.3581393,4.433318161,0.262816186
"121","NRS18_SC_10020",34.3114328,-82.78739283,45,14010,0.161644898,5659.0749,1471.390195,15.1242799,919.4148632,64.50688398,5.132416834,0.240032692
"122","NRS18_AR_10034",36.10229524,-91.61969827,39,12792,0.194166667,555.7275,1212.656473,14.61017194,346.8972379,43.74845945,4.272573793,0.358407061
"123","NRS18_MA_10006",42.65447753,-72.46514205,59,5380,0.061094819,17448.2388,1172.426396,5.718107941,635.0472954,47.35055641,8.436237109,0.281830482
"124","NRS18_RI_10008",41.5218168,-71.59217352,59,3515,0.034090909,72.459,1266.493813,9.854364655,698.4160974,65.05419203,17.62721612,0.263080114
"125","NRS18_SC_10781",34.50782971,-81.51029334,45,9289,0.065733254,1983.4848,1229.85354,15.86337881,472.0209486,57.76496003,4.176845661,0.264245369
"126","NRS18_OH_10009",39.46602773,-81.48058598,70,17855,0.018447462,20809.7217,1013.676258,10.34119586,391.3102805,36.4246403,4.140089432,0.389701639
"127","NRS18_NH_10007",44.86396856,-71.54817245,58,30291,0.054241701,1514.7873,1218.591434,3.848780722,672.9165253,49.3761161,5.478637799,0.266523539
"128","NRS18_NY_10038",43.30507222,-73.59358931,59,6111,0.34248452,7269.7158,1209.106229,5.675331071,696.7327978,49.48566827,8.059657313,0.227537535
"129","NRS18_SC_10012",34.32988475,-80.69510871,45,4459,0.022264178,12271.6602,1171.331843,15.08941552,582.7712587,45.67306558,4.513922583,0.259442529
"130","NRS18_CT_10006",41.86842391,-72.08972479,59,12234,0.641071429,84.4623,1196.444542,8.930946315,675.7238164,49.26545334,9.581720673,0.232759278
"131","NRS18_NY_10026",43.3076253,-73.63244863,59,8465,0.346452328,15.6762,998.6397388,8.090908615,709.0925479,46.76656333,10.77284878,0.15
"132","NRS18_VT_10015",44.54095144,-73.03445819,58,13977,0.065625,191.4021,1245.557635,5.9781045,676.6486747,47.2440224,9.475004773,0.263056299
"133","NRS18_PA_10005",41.48846668,-78.13260722,62,47718,5.873333333,2.9826,1106.755654,7.107551032,609,39.74109837,8.040042245,0.277917924
"134","NRS18_TN_10002",36.60637352,-85.50504123,71,14875,0.011999616,16178.5134,1308.228196,13.09612176,638.9768289,30.72155447,6.635881572,0.322962426
"135","NRS18_VA_10003",37.49176284,-78.75646116,45,19347,2.29,0.6561,1121.217574,13.44780417,505,52.95610425,3.22,0.43
"136","NRS18_OH_10019",40.14887007,-80.70355735,70,19079,0.00911278,63784.4724,1129.399919,9.119584259,596.8363271,37.4998005,6.707047277,0.334851902
"137","NRS18_NJ_10019",41.11231264,-74.97563402,62,9791,0.054009679,9280.0287,1194.841375,7.374636572,551.8336865,43.65040006,4.219371332,0.310707144
"138","NRS18_VT_10013",44.00941614,-72.4004584,58,47530,4.013333333,2.3121,1135.064028,5.041988652,633.0957571,50.00233554,5.98,0.29
"139","NRS18_NY_10014",43.24866112,-73.74077517,59,10713,0.306297476,7195.5126,1210.57738,5.652530363,696.6046704,49.50687566,7.941938941,0.228071713
"140","NRS18_TN_10016",35.69163737,-87.22674783,71,15974,0.028267752,3887.8758,1395.640161,14.52674063,629.3974738,30.70568898,3.512538313,0.317186139
"141","NRS18_PA_10017",41.47982703,-78.06973939,62,42033,7.633333333,1.1565,1088.747387,7.252706089,609,39.13929961,5.91,0.314723735
"142","NRS18_OH_10034",40.50690353,-80.61779008,70,19655,0.010642102,61797.1041,1133.195333,9.071844008,602.834517,37.43480834,6.790477925,0.333118563
"143","NRS18_CT_10030",41.90060311,-72.17456169,59,16025,1.853571429,14.1084,1219.522459,8.782449444,675,49.87700944,8.772910181,0.232128732
"144","NRS18_SC_10180",34.67497716,-81.10775781,45,13065,0.229166667,31.8258,1137.575246,15.98163532,424.6192523,35.29893671,4.349966631,0.251259544
"145","NRS18_TN_10007",35.6724138,-87.2633331,71,16081,0.028267752,4379.2461,1400.108376,14.52958296,629.9189561,31.96396852,3.710651464,0.31991407
"146","NRS18_MA_10017",42.46445751,-71.41567548,59,3715,0.240740741,64.3581,1217.268159,9.310181761,607.6691605,55.39436994,12.81628774,0.210107539
"147","NRS18_RI_10001",41.83267059,-71.46914114,59,1713,0.424932615,114.9129,1270.838453,9.840265633,669.0618964,55.50635568,14.02015601,0.207524534
"148","NRS18_VA_10005",37.10205244,-81.04268,67,69051,0.334090909,127.7154,1063.98735,10.85498388,432.5023043,48.50742041,6.130863036,0.321849675
"149","NRS18_MD_10005",39.18863218,-76.85368602,64,8428,0.181481481,79.4556,1127.376555,12.78530144,374.8666576,52.84026551,4.061960265,0.322731072
"150","NRS18_OK_10921",34.40098478,-96.10731749,36,16873,0.343333333,6.1965,1094.640769,16.65435311,305,19.9966594,3.42,0.41
"151","NRS18_PA_10012",41.96989678,-76.51192148,60,22603,0.045618773,12762.6399,1079.460625,7.496557291,544.5127585,44.11257757,5.155820524,0.322110413
"152","NRS18_PA_10007",41.65698585,-78.6114885,62,57913,1.691666667,11.5281,1243.307227,6.782595658,675.4907487,42,11.79,0.270001561
"153","NRS18_VA_10002",37.59328278,-79.38320406,66,19490,0.163223734,7940.7873,1083.022533,11.23489992,431.7780508,44.28185047,11.55955919,0.285170924
"154","NRS18_CT_10002",41.89122923,-72.66210156,59,570,0.092113304,1532.4516,1287.1892,8.559862321,696.3567425,48.7062225,12.3677217,0.234074266
"155","NRS18_OK_10026",34.39116168,-94.50889924,36,24339,0.196602705,163.2222,1457.788811,15.59576326,654.9892919,20.23183427,4.887681051,0.360362763
"156","NRS18_IL_10031",37.25601672,-88.5102815,71,9946,0.136958427,55.728,1227.326272,13.86657143,385.7742248,14.48675711,3.465801034,0.396197351
"157","NRS18_NY_10018",42.06590504,-78.46921643,62,42656,0.031822,3025.2528,1102.49519,7.084078167,637.9154407,38.81232299,6.672819907,0.313610141
"158","NRS18_MD_10003",39.69016583,-76.93024368,64,24739,1.66,1.1097,1118.534556,12.04711195,453.6569343,56.15815085,3.99,0.32
"159","NRS18_PA_10023",41.99990242,-76.62263816,60,23583,0.055683628,6496.8516,925.1385851,7.63851793,376.4271414,36.79046989,4.951794544,0.327020361
"160","NRS18_CT_10017",41.35000044,-73.19197535,59,14231,0.442,3.0753,1304.438884,9.743315377,667,46.4278607,6.82,0.23
"161","NRS18_OK_10036",34.49566318,-94.4735322,36,24034,0.129573961,451.4067,1507.225155,15.48045643,654.2967982,21.2541256,6.466972305,0.354916172
"162","NRS18_CT_10004",41.78270426,-71.89588062,59,5595,0.278520499,1193.5728,1249.94909,8.969409915,686.8175686,51.81180704,12.21986676,0.217258119
"163","NRS18_MD_10014",38.99003699,-77.15981221,64,5109,0.722727273,51.3675,1073.951169,13.11069657,404.1082786,42.93040736,5.026096364,0.35
"164","NRS18_PA_10032",41.68346542,-78.45547253,62,59993,1.294666667,2.7558,1311.14373,6.866250629,641,41,11.55699543,0.27
"165","NRS18_VT_10018",44.56353755,-72.56501577,58,19692,0.094021739,615.9078,1154.83774,5.123228849,675.8711653,46.68061583,6.272516373,0.277125706
"166","NRS18_RI_10006",41.39469232,-71.84151595,59,526,0.041808817,759.1833,1231.962392,10.00047365,699.7137992,65.32716644,17.47912118,0.229163048
"167","NRS18_VT_10009",44.92641794,-72.08737253,58,29790,0.536666667,8.5383,1172.595409,4.592258143,621,47,6.203133762,0.29111521
"168","NRS18_VT_10012",44.94365739,-72.04422356,58,40593,1.426666667,4.3119,1181.284089,4.430585224,621,47,4.887532874,0.296036318
"169","NRS18_AR_10014",35.56232577,-93.28855047,38,18231,0.345833333,202.1553,1351.141016,14.64564495,533.9350094,24.71998558,5.014153381,0.281180409
"170","NRS18_IL_10037",37.26199019,-88.51406065,71,9936,0.028127813,582.4269,1217.124569,13.68290441,385.4697431,14.18768553,2.604631542,0.396883508
"171","NRS18_PA_10019",41.02334786,-78.90571919,70,41583,0.586666667,10.3167,1111.001153,8.58489269,602,39.79377126,8.170690046,0.296028963
"172","NRS18_RI_10199",41.54289668,-71.6956366,59,3662,0.135604253,4.5342,1245.12546,9.86035801,700,66.00813815,14.25749305,0.239438269
"173","NRS18_AR_10001",34.06488091,-93.44225956,36,8305,2,31.1058,1396.472065,16.24025383,578,22,4.795496499,0.354959782
"174","NRS18_NJ_10001",41.04211981,-74.04730488,64,6409,2.375,2.9043,1243.127034,11.06769382,479,47.41338705,8.803492408,0.21
"175","NRS18_MD_10008",39.40693029,-79.41190187,67,72492,0.144791667,95.2254,1226.670571,8.494245545,667.80813,40.04743587,14.53546982,0.278399051
"176","NRS18_VT_10017",44.1128039,-73.09310954,83,10828,0.4925,183.0744,1254.438324,4.98631075,601.1453917,45.72482499,5.88671894,0.297847662
"177","NRS18_NH_10019",42.87761058,-70.99176953,59,2731,0.073246275,105.8652,1217.929838,8.879155381,555.2942752,50.80995171,18.98630734,0.211994508
"178","NRS18_NJ_10334",40.87942087,-74.17183043,64,6203,1.946666667,19.5759,1273.500247,11.92869234,479,45.60355846,7.345138614,0.191869339
"179","NRS18_CT_10003",41.39886615,-73.38664778,59,13720,1.1375,3.1257,1282.695482,9.892076241,667,48.42614454,8.62835013,0.229406853
"180","NRS18_MO_10012",36.78476931,-93.71442822,39,32935,0.230357143,481.5837,1161.582514,13.33339844,377.3096359,44.00743983,4.014757061,0.399107949
"181","NRS18_VA_10014",36.96819064,-80.64644699,66,72405,4.136666667,3.3624,1145.552149,11.22462054,522,50,18.11,0.25
"182","NRS18_MO_10041",37.2983489,-92.41283843,39,32919,0.005681818,648.6561,1150.626407,12.90780154,351.257388,36.45215469,4.510221734,0.375450745
"183","NRS18_OH_10026",41.29656907,-80.60143851,61,29907,0.048008603,44.0451,1000.243191,9.556702059,485,39.39914996,2.489010605,0.43146938
"184","NRS18_OH_10015",41.51412559,-80.73366923,61,29632,0.495147554,31.7313,1072.267677,9.217546136,407.882378,29.91320872,1.66,0.39
"185","NRS18_PA_10008",40.52158443,-79.39898471,70,27231,0.2475,76.7124,1064.665327,10.08296783,615.1625839,37.65359707,5.053790652,0.343733047
"186","NRS18_OH_10025",41.09967638,-80.60824166,61,28849,0.921875,22.8006,988.2306189,9.545613404,403.0855767,36.41837057,5.260161048,0.392214415
"187","NRS18_NC_10030",35.67727845,-78.15344368,45,4683,0.176666667,9.1197,1178.955695,15.71466093,384,38.04470542,6.270218099,0.199647686
"188","NRS18_VA_10001",38.39532786,-77.9554202,64,8328,0.166666667,20.214,1111.669663,13.29608714,438,47.61785396,5.063903384,0.346926536
"189","NRS18_GA_10006",34.30314742,-84.47051375,66,33428,0.100761421,7.7157,1363.260643,15.10709093,580,61.15572145,5.734970255,0.25
"190","NRS18_MA_10005",42.68029518,-71.14519819,59,818,0.086585366,178.3332,1217.501412,9.430021355,552.8119133,55.44180108,23.08401412,0.189044199
"191","NRS18_RI_10002",41.8801386,-71.38130481,59,791,0.129721876,1248.5124,1248.455981,9.383805913,697.2737328,53.74266167,14.26278774,0.201828946
"192","NRS18_MO_10019",37.91398474,-90.82499626,39,28144,0.345833333,18.6156,1110.783455,12.70876185,354,30.86298588,5.373763295,0.37
"193","NRS18_RI_10020",41.41651992,-71.79748593,59,705,0.04204083,627.7995,1237.359876,9.987522965,699.6155558,65.70149164,17.79745151,0.228584757
"194","NRS18_VT_10005",43.79297219,-72.67631186,58,17808,0.394166667,612.7542,1323.230627,4.949300152,641.7932768,48.30741968,6.174417233,0.353227552
"195","NRS18_GA_10025",34.66690676,-84.94212879,67,19711,0.055595238,62.1414,1348.538474,15.38869229,641.8245662,45.16678736,4.100634215,0.327972656
"196","NRS18_MO_10031",38.01493863,-91.79721698,39,25065,0.319444444,45.7389,1182.304003,12.76758407,316.5250585,21.34773027,2.661134374,0.372669566
"197","NRS18_MO_10021",38.28136274,-91.37650313,39,21072,0.1177,1057.6656,1152.378025,12.7143036,322.9137139,22.02368395,4.044398894,0.392133096
"198","NRS18_MO_10010",38.24012139,-91.80404806,39,17883,0.038209941,8036.5977,1148.3716,12.89129071,349.3241274,30.66626493,4.451591455,0.380469
"199","NRS18_IN_10003",38.35094737,-86.61831615,71,17242,0.290666667,6.426,1216.481197,12.50563856,464.4285714,25.24593838,3.43,0.38
"200","NRS18_MA_10009",42.17895912,-72.36887881,59,8965,0.205862978,1672.9353,1220.53796,8.275575171,472.7224348,51.57951912,12.29091486,0.190546439
"201","NRS18_NY_10022",42.01278309,-75.77945713,60,25585,0.036421911,5509.602,1103.904236,7.348554941,572.9657106,43.64618738,5.258124509,0.319675554
"202","NRS18_IN_10498",38.62574514,-86.42670129,71,18959,0.0792,142.8336,1181.905004,12.56435628,426.641849,25.57893941,3.137418087,0.340225451
"203","NRS18_IN_10053",39.14069284,-86.53345714,71,21305,0.5595,14.5926,1192.218397,11.98241503,423.2487973,24.551252,3.15,0.34
"204","NRS18_NY_10002",42.42296932,-75.63216966,60,29175,0.060833171,1231.0848,1098.038958,7.45516684,582.879711,46.24538553,5.069992565,0.318523122
"205","NRS18_MA_10008",42.03198917,-71.60830093,59,6378,0.129573961,657.1143,1229.619818,9.160034762,697.3597812,53.24928266,12.95596904,0.199217903
"206","NRS18_WV_10181",39.5594013,-79.98095209,70,28557,0.8825,40.5,1187.579866,10.6593054,542.6128,30.80557778,6.273903556,0.345288222
"207","NRS18_NH_10011",44.7129621,-71.1726973,58,35583,0.081576715,2993.3235,1176.974892,3.508943769,667.0405676,47.55193331,7.052469897,0.225921412
"208","NRS18_OK_10920",35.46898544,-94.95436269,37,14234,0.127730234,7.1811,1187.057657,15.97130245,490,27.75385387,3.764328863,0.362717132
"209","NRS18_NY_10066",42.07086032,-75.80974005,60,25435,0.036421911,5825.5425,1104.274331,7.366759179,572.870016,43.40766435,5.158904436,0.320330341
"210","NRS18_RI_10005",41.4211113,-71.79528015,59,791,0.113513514,71.7426,1210.207363,10.0296669,699.6384575,63.82837394,13.59121422,0.232546353
"211","NRS18_PA_10042",41.89076505,-79.99304337,61,35342,0.0004875,1014.2055,1210.580834,8.117166974,665.4889666,36.10046988,6.594766442,0.331976697
"212","NRS18_PA_10014",41.02419317,-80.16322399,61,32690,0.113333333,779.7186,1061.41389,9.191037628,491.4277005,39.46773836,7.215202319,0.390848221
"213","NRS18_PA_10039",39.92537688,-80.50520104,70,26348,0.155769231,187.4538,1092.799398,9.915184363,428.9148462,34.93348921,4.511021212,0.400224455
"214","NRS18_WV_10013",39.31011106,-80.27189457,70,29429,1.059375,8.1387,1120.893323,11.06152813,548,28.03505474,4.71,0.35
"215","NRS18_RI_10201",41.83832365,-71.61173317,59,9718,0.702380952,12.4389,1289.47439,9.449994304,668,55.96534259,9.154043846,0.225849794
"216","NRS18_CT_10032",41.60048759,-72.75885445,59,3115,0.9,8.6337,1285.631078,10.18918246,691.1638695,50.22026478,17.13341082,0.234108204
"217","NRS18_TN_11090",35.73083825,-84.32573156,67,22581,0.016483372,31477.7862,1295.676296,12.54254753,639.9213984,54.1670904,7.91786061,0.271988824
"218","NRS18_GA_10005",33.31357506,-84.17306649,45,20252,0.087962963,138.7152,1251.90125,16.57556087,415.8844597,45.78298557,4.453865748,0.261903872
"219","NRS18_TN_10008",36.12507566,-83.18162197,67,31331,0.037762595,4395.0258,1191.795471,12.35020242,622.1348184,52.78732541,6.256871956,0.276503622
"220","NRS18_NY_10041",42.08366265,-76.29192789,60,23754,0.036633257,11857.3902,1086.211403,7.473224832,553.6125305,44.371756,5.16078184,0.321410354
"221","NRS18_NJ_10002",41.27242262,-74.84021528,67,11072,0.069332742,9092.7027,1194.514291,7.340922942,550.0791076,43.52050227,4.056867073,0.311809232
"222","NRS18_NY_10020",42.02895484,-76.39830205,60,23302,0.036633257,12271.7376,1082.737366,7.488650924,549.3180212,44.2335217,5.135846342,0.321891107
"223","NRS18_CT_10009",41.39509228,-73.42907896,59,12341,0.62375,99.2817,1270.483195,9.848878179,643.0579986,49.72111175,12.35860098,0.213764742
"224","NRS18_ME_10017",43.21747802,-70.65012175,59,4028,0.427272727,6.9354,1243.57021,8.53929485,613,49.05839606,9.16,0.209114975
"225","NRS18_NY_10021",41.2925655,-74.47550692,67,11848,0.00625,261.8163,1219.859175,9.590794472,571.6203323,42.95630562,7.906407573,0.223737621
"226","NRS18_NY_10064",42.45675271,-75.57029949,60,29308,0.062817227,1178.0784,1098.074157,7.443213384,583.0092805,46.35397135,5.062724221,0.318176315
"227","NRS18_MA_10016",42.85435688,-70.92492707,59,176,0.479175052,149.1273,1227.106705,8.917663784,555.2062439,51.11662251,17.20291116,0.211340338
"228","NRS18_GA_10014",33.54325251,-83.50925108,45,16964,0.357347055,9.6822,1206.883692,16.79421452,430,53.28527607,4.1123285,0.263130693
"229","NRS18_OH_10021",40.63224262,-81.70202657,61,32386,0.986666667,3.8106,1009.088534,10.29594646,394,38.96551724,3.250661313,0.41
"230","NRS18_NC_10023",35.84307624,-81.96907489,66,47190,0.971250971,56.3337,1279.472047,11.73101308,699.1725592,59.25025163,8.970693848,0.245996517
"231","NRS18_OH_10022",40.7153895,-81.71384549,61,31197,0.953333333,6.3414,1001.161829,10.13685631,394,39.35906898,3.25,0.402523418
"232","NRS18_MO_10026",37.2756016,-92.44534107,39,33875,0.001546875,523.4787,1150.069338,12.89413464,351.2901694,36.40414653,4.539587359,0.375253601
"233","NRS18_VA_10013",37.3109561,-82.28885525,69,33977,0.726666667,16.0227,1131.813404,12.43259571,454,34.00516767,10.01958602,0.29
"234","NRS18_TN_11089",35.08189896,-85.27878753,67,19316,0.024522305,55094.1651,1327.026748,12.98015853,646.6172564,50.37547849,7.355209964,0.286090682
"235","NRS18_PA_10218",41.85042424,-78.82659517,62,57756,5.106333333,2.4084,1187.004982,6.839364142,641,42.08893871,10.93721226,0.274730942
"236","NRS18_KY_10032",37.1848127,-88.23837008,71,9205,0.026590936,45366.6258,1320.460022,13.80551321,606.6028328,31.43123128,5.352345087,0.337631451
"237","NRS18_AL_10023",34.7555821,-85.68075739,68,40170,0.041071429,66.6954,1384.238689,14.08049703,735.7579143,37.64440126,4.936457372,0.240435592
"238","NRS18_PA_10018",41.74655583,-79.30664962,62,36019,2.465625,10.4724,1161.485136,7.404770665,661,44,13.75385356,0.25695428
"239","NRS18_MO_10051",38.40647881,-90.38821011,39,14552,0.80625,3.8709,1097.540601,13.48461973,244,25,3.296289235,0.369002558
"240","NRS18_MO_11111",36.79795859,-92.82411663,39,26579,0.146627566,464.652,1155.520801,13.14217214,348.8862303,38.46479042,3.651335031,0.389885605
"241","NRS18_NJ_10007",40.75796391,-74.16350611,64,29,0.030559732,2383.1838,1272.114078,10.50226584,478.8356956,44.11577118,8.794054099,0.217665233
"242","NRS18_NJ_11083",40.85890253,-74.11904238,64,36,0.030559732,2291.8653,1272.640889,10.4469817,478.8520387,44.26886842,8.85052981,0.218301378
"243","NRS18_MO_10213",36.56088351,-94.14868317,39,32372,0.48,12.51,1176.581103,13.79296729,360,45.21460432,4.889263309,0.372328777
"244","NRS18_OH_10007",40.58128227,-81.39514041,70,26561,0.039622163,2881.8549,988.9341394,10.20578877,394.388585,41.36461423,5.65040884,0.384804246
"245","NRS18_NY_10065",41.31781455,-74.47483104,67,11573,0.040817659,583.5708,1194.895061,9.63633724,572.9326586,46.09389246,5.849050886,0.248664923
"246","NRS18_OH_10004",41.15905547,-81.81774278,61,27840,0.3125,93.2625,976.1814383,10.03553217,361.2457322,38.50631604,2.672583546,0.399662244
"247","NRS18_CT_10037",41.51043914,-72.49660533,59,2998,1.286111111,38.943,1288.159285,9.694698839,679,51.41670904,8.569553039,0.233126647
"248","NRS18_VA_10011",38.43496646,-77.52442813,45,6004,0.158333333,26.919,1069.356551,13.25114865,402.2082247,32.23590772,4.676681043,0.309620863
"249","NRS18_MD_10013",39.29386819,-79.46484146,67,74546,0.55,2.6955,1263.835193,8.472997189,672,39,16.75422371,0.276734558
"250","NRS18_MO_10214",38.07667291,-93.67149884,39,21548,0.225,9.9648,1101.753697,13.19877452,328,23.70339595,4.349617052,0.338695809
"251","NRS18_PA_10217",41.80463607,-77.49244816,62,56336,2.438888889,9.3933,944.4817388,6.970076583,521.7073872,35.25428763,3.28,0.34
"252","NRS18_VA_10022",36.72157734,-81.47754244,66,90153,2.934375,5.0382,1301.646628,10.08929906,512.192926,54.96588067,14.74425509,0.268288675
"253","NRS18_VA_10006",36.96530197,-82.05179538,67,48566,0.458211144,1222.6797,1164.546035,11.40583461,494.0933279,48.01353592,5.053323015,0.323684217
"254","NRS18_GA_10036",33.92561918,-85.34711959,45,28757,1.346666667,4.2714,1337.805627,15.16519955,699.8592499,45.21849979,3.864289928,0.263893805
"255","NRS18_NC_10012",35.73298947,-78.97088818,45,7441,0.339333333,1.4526,1175.620143,15.27957266,360,26,3.12,0.27
"256","NRS18_VA_10004",37.05594983,-80.29942914,66,71937,0.28,10.6146,1059.580918,11.26961567,508.3452603,49,8.021011531,0.223377989
"257","NRS18_VT_10003",43.04999043,-72.72147657,58,24519,4.86875,4.6998,1287.332372,6.167186082,725,43.48008426,5.731658368,0.440241287
"258","NRS18_AL_11088",34.12275721,-85.73654963,67,15955,0.011964871,14429.7108,1381.655418,15.25476146,634.1022175,50.62899005,4.591315565,0.293085258
"259","NRS18_WV_10005",37.54136091,-82.03360839,69,23231,0.150501515,1649.5353,1116.050118,11.93478342,436.7107196,44.04803535,7.144471598,0.297459659
"260","NRS18_NY_10700",41.24631379,-74.16997129,58,14067,0.260335312,97.2,1252.688037,10.0444138,478.7429722,43.68153704,7.398415241,0.241793426
"261","NRS18_NC_10037",35.63322712,-79.53601686,45,14005,0.6625,40.023,1179.983353,15.22554814,366,28.1234765,4.623272993,0.322168428
"262","NRS18_VT_10004",42.94638873,-72.87177843,58,53673,1.80625,13.104,1505.980028,4.394212171,862,45.15611264,4.132445055,0.392912088
"263","NRS18_NY_10063",41.25327075,-74.37718333,67,15244,0.105681818,89.6472,1223.13829,9.651638376,570.370161,42.93763553,7.95946186,0.264520219
"264","NRS18_KY_10029",37.80267049,-82.79124437,69,18321,0.023989617,5115.8187,1125.30333,12.55920596,444.9591782,33.6034128,9.752338065,0.289244869
"265","NRS18_OH_10010",38.82668231,-83.01768675,70,15617,0.027779818,16758.4527,1003.332249,11.05742409,341.884877,28.36109578,3.320302088,0.365800007
"266","NRS18_VA_10008",37.31028069,-80.68118682,67,48566,0.271428571,808.2162,1030.531456,11.17664879,431.8970822,46.10056814,8.242463458,0.304002425
"267","NRS18_NY_10399",41.44438306,-74.38130514,67,13390,2.2625,33.6492,1131.306846,10.01689203,573,43.95862309,3.86822082,0.266205734
"268","NRS18_NY_10054",41.82692272,-74.77446161,60,54853,12.76666667,1.0719,1329.230631,6.443885155,503.5768262,48,2.763484467,0.291788413
"269","NRS18_NY_10039",42.54433045,-74.95157006,60,34774,0.029524217,849.9087,1122.224294,7.082491461,573.7189739,44.23389912,5.512413394,0.315486153
"270","NRS18_NC_10032",35.87880495,-82.07960048,66,83580,3.63,2.4642,1422.632925,10.73891894,622,58.041271,6.934035793,0.24958729
"271","NRS18_WV_10009",38.14841523,-82.210465,70,19057,0.4875,24.3936,1147.760312,12.85078038,457.03933,30.01682409,2.294881198,0.399955357
"272","NRS18_OH_10031",39.29524891,-82.43440894,70,21845,0.078586697,248.5062,1031.406071,11.03128628,398.2432438,29.96344317,5.360174853,0.37838435
"273","NRS18_OH_10658",39.30687601,-82.85680644,70,19853,0.235,97.6536,1005.057156,10.96559903,343,30.41859286,4.163621157,0.384499097
"274","NRS18_VT_10014",44.2982896,-72.94783568,58,25435,3.291071429,16.1109,1503.878078,4.6216601,629,45.91587062,6.894741076,0.344115971
"275","NRS18_WV_10019",39.96504668,-80.58732134,70,24205,0.128257747,469.2627,1063.696342,9.963289158,428.8891452,36.0068354,4.49913041,0.396660414
"276","NRS18_SC_10779",34.61170055,-82.43868786,45,20021,0.118742282,1100.9673,1428.087111,15.21420947,407.5005391,64.1752657,5.072199132,0.247668759
"277","NRS18_KY_10003",37.20463231,-83.52786634,69,37714,8.86,0.4554,1213.049857,12.91549057,531,28.76284585,6.06,0.31
"278","NRS18_OK_10024",34.53125675,-94.71441654,36,25563,0.530882353,126.6903,1536.910347,15.42450746,648.2764,19.74025873,4.873378349,0.359417903
"279","NRS18_OK_10040",35.98696287,-94.91588598,39,22538,0.09101,2338.9785,1215.687564,14.48191081,378.1168425,41.32558598,4.232141908,0.388828131
"280","NRS18_KY_10004",36.93503474,-85.77766442,71,21348,0.273863636,36.4176,1263.895896,14.24460048,542.7980427,31.01594009,3.08,0.409830961
"281","NRS18_NH_10012",44.07648454,-71.79800264,58,38561,3.6225,19.5246,1385.739518,4.465809302,680.971559,48.82769429,9.163083802,0.18565502
"282","NRS18_PA_10034",41.41240829,-74.74692932,62,15814,3.71,16.506,1235.607499,8.79350284,637,43.17900763,15.04801688,0.244240458
"283","NRS18_WV_10008",39.2489047,-77.81410271,67,10022,0.073792569,7789.3533,1021.47138,11.47243077,358.7066488,46.07120562,8.393683705,0.302448994
"284","NRS18_NC_10006",36.48170984,-77.65994012,45,1930,0.602103284,21903.7806,1138.870946,13.82480344,368.5940509,47.04712671,4.647418465,0.282812478
"285","NRS18_NC_10027",35.50851802,-78.9607055,45,4089,0.067160971,8639.3502,1158.278777,15.19256927,363.1237577,33.43531576,4.135749889,0.296975666
"286","NRS18_MD_11081",39.26544769,-77.53817853,64,6456,0.042294314,24996.4011,1016.677872,10.94842937,394.9598333,43.61837898,10.13001074,0.298561724
"287","NRS18_NC_10010",35.82240637,-81.18403673,45,25613,0.033049,3398.7924,1268.016351,13.57252411,698.4990939,57.8316545,5.99133972,0.242464067
"288","NRS18_OK_10035",34.22702062,-95.49316527,36,12198,0.031620553,3659.1543,1301.926893,16.32657777,480.6503703,15.63862871,4.532036565,0.354640521
"289","NRS18_NY_10051",43.65605765,-75.56437327,58,59049,1.163333333,2.853,1502.988998,4.754135702,705.2429022,50,2.68,0.31
"290","NRS18_TN_10015",35.21876506,-84.65150132,67,20818,0.006561249,3520.8999,1519.953157,13.36158619,774.9657103,58.93168241,9.29243398,0.247627769
"291","NRS18_MD_10004",39.59856395,-77.88460965,67,10343,0.024421001,12780.7956,1009.777395,10.38859029,409.3325796,39.28591009,12.26565348,0.29507534
"292","NRS18_KY_10005",37.29617561,-83.06281405,69,34450,1.153333333,2.7702,1161.395548,13.34299666,463,30.93924626,6.06,0.31
"293","NRS18_GA_10019",33.87507025,-84.4490267,45,23198,0.148082334,3745.5813,1474.306572,14.89822403,609.2668721,62.62318944,5.016978293,0.245224829
"294","NRS18_NH_10017",44.40314923,-71.11012364,58,22545,2.648214286,10.6299,1272.154161,4.615825331,673.3618661,46.79730759,6.392258065,0.250039793
"295","NRS18_NC_10001",35.04365233,-80.46558258,45,13989,0.010858686,327.987,1159.574809,16.13906034,375.375024,26.88914469,3.398436188,0.389349834
"296","NRS18_NY_10089",43.66567926,-75.29471159,58,34735,1.1125,50.7834,1213.873929,5.893232992,873,52.54824017,21.42557275,0.258818807
"297","NRS18_WV_10020",38.12790131,-81.21958276,69,18907,0.072797158,21430.3707,1143.655783,10.61653829,554.2305021,44.60076838,8.710083886,0.294521633
"298","NRS18_TN_10022",35.95872233,-82.8793366,66,42274,1.2671875,59.0508,1245.426979,12.03901868,661.6452478,54.57186185,9.613828263,0.251283911
"299","NRS18_GA_10015",34.51919527,-84.59084079,66,28579,0.243131534,230.5368,1439.934496,14.79807866,643.3638777,62.41083419,5.719432329,0.260697867
"300","NRS18_KY_10197",37.373546,-83.39008857,69,26057,1.286666667,4.9347,1191.664434,13.16609433,467.1479117,28,6.06,0.31
"301","NRS18_NY_10080",43.76853788,-75.50135516,83,34150,0.252083333,9.0099,1391.838712,5.749803871,873,48.2528219,4.151834982,0.317641594
"302","NRS18_PA_10037",41.68354974,-75.10842232,60,28425,0.613333333,40.3938,1172.314673,7.597080345,497.63687,41.19112339,2.532147632,0.325553674
"303","NRS18_TN_10033",36.07871308,-82.50089682,66,56880,3.395,12.789,1324.32507,11.19044698,622,55.52589726,9.434356087,0.25
"304","NRS18_KY_10010",37.97942909,-82.67112507,69,16958,0.033807533,5905.2096,1125.435323,12.58556177,442.9813191,32.60509386,9.905913589,0.290510231
"305","NRS18_NY_10259",43.56223367,-75.98671449,58,22829,1.003333333,0.3366,1323.602555,7.17518732,829,49.86631016,19.71,0.24
"306","NRS18_CT_10010",41.77170515,-72.90107758,59,7045,0.494804552,964.5084,1308.593245,7.987834533,696.3818505,47.47262512,10.03061763,0.23034531
"307","NRS18_CT_10019",41.95383642,-73.36991106,58,16391,0.104332947,1634.1984,1211.577423,7.563052423,662.4462858,45.97073923,9.038208196,0.259854977
"308","NRS18_NY_10068",43.00710779,-76.68105289,83,12040,0.556666667,25.8129,928.7123871,8.952886309,414,63.54991109,2.435748056,0.343140407
"309","NRS18_NH_10003",44.39319253,-71.21993301,58,29156,1.792045455,58.8249,1396.27421,4.293660567,667.2242622,47.65690549,9.912082893,0.244737076
"310","NRS18_NY_10704",43.11603271,-75.22303996,83,12382,0.022520088,748.5993,1244.687404,7.141819516,784.9731418,57.22508076,6.442810541,0.311702079
"311","NRS18_RI_10202",41.72766385,-71.75491447,59,12770,0.330338266,30.6018,1288.426872,9.384640236,688.2125463,55.67422505,8.147606905,0.229185048
"312","NRS18_MA_10001",42.63170739,-72.12900217,58,24800,0.087210146,486.9639,1209.664459,7.379809205,637.9159482,48.38112928,11.56229971,0.211146726
"313","NRS18_AL_10189",34.9801642,-86.82705852,71,26829,0.97,0.2124,1434.0315,14.92318386,688,36,3.21,0.4
"314","NRS18_NY_10012",42.82852428,-73.98933489,59,6383,0.017609032,8523.1611,1162.43497,6.940229555,696.3423753,45.58613633,6.228222187,0.318508156
"315","NRS18_WV_10006",38.3571113,-82.22414472,70,16648,0.030132458,3283.7886,1186.274417,12.0978478,487.2210179,39.19149555,9.810055357,0.297743414
"316","NRS18_NH_10001",43.8187932,-71.19523953,58,12793,0.026388889,56.8521,1331.068992,6.220067219,747,57.65551141,19.0468502,0.214503
"317","NRS18_NY_10034",42.31674129,-75.94377155,60,28385,0.085748585,1874.1303,1094.46752,7.308605405,578.4078935,48.36366644,5.62766327,0.323291812
"318","NRS18_NH_10031",43.91904738,-71.53722396,58,40256,8.98,2.9646,1411.174757,4.711920591,778,52.93989071,9.608530662,0.206250759
"319","NRS18_NY_10090",42.19853305,-77.41110065,60,31495,0.106545442,901.0647,943.943307,7.349136854,381.318702,36.29921203,5.160000899,0.323732624
"320","NRS18_NY_10081",42.03474667,-77.55208966,60,47978,1.48,35.5275,977.5556241,7.102215717,380.0191007,34.99810006,3.380219126,0.310497023
"321","NRS18_WV_10004",38.46936013,-82.27877882,70,16994,0.344444444,9.5562,1075.328675,12.63052693,401.8623093,29.44396308,2.28,0.34
"322","NRS18_KY_10015",37.56410309,-82.45177334,69,22165,0.284894011,144.342,1120.200569,12.64704989,430.3653947,33.52002743,11.46514141,0.289387205
"323","NRS18_DE_10014",39.78264653,-75.70137914,64,7174,0.813333333,4.2327,1172.978,11.91414502,538,53.26281097,3.99,0.32
"324","NRS18_PA_10816",40.85725591,-77.48308446,67,31300,0.1765625,233.4141,1066.84474,8.758695171,557.3846169,57.29858608,11.76818087,0.277905911
"325","NRS18_WV_10011",37.78563275,-80.90760137,69,38569,0.144524334,16232.7195,1100.559289,10.77260451,499.4971196,47.93003193,8.207836322,0.292060201
"326","NRS18_KY_10011",37.04281754,-84.04662422,68,32999,0.061363636,135.3726,1236.066277,12.97902713,627.6375337,29.85346444,4.601142314,0.37177171
"327","NRS18_KY_10007",37.62116492,-83.49985783,69,21298,0.033261236,3124.1907,1177.433588,12.97605124,463.3519206,30.00795259,6.163554518,0.309436431
"328","NRS18_NH_10006",43.83946786,-71.89916744,58,16375,0.198333333,220.5945,1187.519466,5.558281053,772.188613,47.42777993,14.88571233,0.213322576
"329","NRS18_NH_10009",43.69266632,-72.27664413,58,13750,2.72625,42.6825,1059.875851,6.452540721,548,46.99917765,8.379694465,0.287463996
"330","NRS18_PA_10010",40.49179697,-76.94812928,67,10912,0.056038653,50862.6972,1069.190629,8.071499674,542.9412566,42.94813336,7.491493746,0.307254311
"331","NRS18_TN_10490",35.76445312,-86.16621375,71,20652,0.410714286,47.5677,1369.808704,14.39168141,630.9495393,29.7778934,4.143085539,0.328373602
"332","NRS18_AL_10018",33.01342379,-87.08607699,67,6290,0.063091483,2403.4266,1424.081532,17.06413136,573.9013819,35.82612263,4.142608395,0.297431276
"333","NRS18_PA_10220",41.39756309,-76.5766731,62,46795,3.56,2.8395,1210.450567,7.365599264,639,37,2.45,0.33
"334","NRS18_WV_10018",39.36758388,-81.2372602,70,19267,0.083653846,61.1154,1141.724216,11.79186203,516.8998616,21,2.999042205,0.330478308
"335","NRS18_ME_10004",43.49885439,-70.46422695,59,1443,0.174394792,4366.017,1315.624774,6.284478247,745.6571454,54.65770429,17.66864438,0.210180579
"336","NRS18_NY_10004",43.53157794,-74.55172604,58,58573,2.422916667,9.0837,1536.031801,4.472218411,668.837313,53.07946101,8.093919548,0.37139998
"337","NRS18_ME_10012",43.49893734,-70.48889328,59,1535,0.004,4328.4501,1316.388523,6.265862188,745.7096213,54.65024247,17.6587601,0.209985555
"338","NRS18_AL_10188",33.72118069,-87.27143789,68,10003,0.476666667,5.4729,1457.707128,16.59045727,650,30.9802664,4.08,0.31
"339","NRS18_AL_10191",33.87272556,-85.5809654,67,36699,4.13,1.1214,1373.133843,14.33101214,650.0152488,45,4.696452648,0.237223114
"340","NRS18_PA_10027",41.71462403,-76.32307464,60,19549,0.050644451,21332.7549,1021.193538,7.587363696,487.8260005,41.13300451,4.936976681,0.324674503
"341","NRS18_ME_10193",43.62200793,-70.86188808,58,12751,0.047916667,91.1169,1252.664904,7.251564623,741.4211337,57.58594838,27.7256934,0.174047372
"342","NRS18_GA_10010",33.17345556,-83.82379567,45,11350,0.032300404,4108.7259,1260.885116,16.42292961,416.3119818,49.71595121,5.117253359,0.255150043
"343","NRS18_KY_10018",37.77319971,-82.32323926,69,18696,0.081279185,2681.4375,1129.689033,12.25131817,436.4544144,41.00421162,8.101854495,0.294553878
"344","NRS18_ME_10044",44.14003785,-70.28093883,58,8075,1.0825,19.0161,1224.347181,6.943219422,719,56.80169435,4.542028965,0.22
"345","NRS18_ME_10008",43.76644418,-70.76903158,58,15190,3.583587171,0.9846,1283.509049,6.283679167,747,57,19.87507313,0.201042048
"346","NRS18_AL_10025",34.25714781,-87.37077566,68,15956,0.055162979,261.3195,1484.440904,15.64165242,637.373498,33.49612371,6.759895232,0.249953781
"347","NRS18_NY_10072",44.65750472,-74.00524373,58,48970,3.203333333,1.1079,1159.148919,5.160969143,601.1372868,60,7.689561332,0.233736799
"348","NRS18_NY_10055",44.13594453,-74.15509121,58,60326,0.973333333,4.7745,1269.539897,4.311853472,723,56,6.310525919,0.282397738
"349","NRS18_NY_10071",44.49954119,-74.88521954,58,28886,0.80125,52.0551,1108.608237,5.700474137,723,58.86915403,30.90003988,0.219816906
"350","NRS18_ME_10019",44.9387264,-69.32349831,82,8632,12.9,4.8114,1114.17299,5.946170056,676,46,4.36,0.22
"351","NRS18_OK_10031",34.97090951,-96.22299622,37,20819,0.059090909,68941.4058,537.1508003,12.73143221,69.11863925,29.23781606,5.807770691,0.290703312
"352","NRS18_IN_10015",39.2617471,-86.79815932,71,15837,0.033159287,7766.2476,1073.78344,11.03532306,376.7228362,29.21103597,3.178393255,0.359221133
"353","NRS18_NY_10268",44.60827665,-73.96279699,58,45440,0.43,2.6703,1133.241378,5.176664007,541.562184,60,6.064701719,0.236511628
"354","NRS18_PA_10011",40.93107454,-80.37396527,61,22930,0.057682114,5752.3716,1016.009679,9.546258765,442.7736355,37.32390475,3.844452037,0.401583771
"355","NRS18_NJ_10008",41.31137809,-74.79188278,67,11382,0.058088876,9012.3966,1194.20307,7.328607026,549.304588,43.50968396,4.000844933,0.312108594
"356","NRS18_ME_10005",45.25733285,-68.94965527,82,7925,0.024818109,851.7393,1230.852375,4.623027854,739.7691607,50.00139268,8.019001825,0.211335884
"357","NRS18_PA_10045",41.0479924,-79.6624337,70,25381,0.038929895,20045.8296,1153.693312,7.747508738,659.4862191,40.68944209,7.487658224,0.316273317
"358","NRS18_IN_10027",38.57407664,-86.85303476,71,12787,0.011447721,13251.681,1139.429843,11.70016188,408.887044,26.76062059,3.505597223,0.366231083
"359","NRS18_ME_10006",46.5760353,-68.08781271,82,15653,0.369444444,229.4253,1019.624752,4.011079048,584.2236022,54,3.987786887,0.228082474
"360","NRS18_ME_10018",46.704392,-68.67903911,58,28652,0.984375,5.0976,1067.956142,3.735564463,584.1588983,53,5.454533898,0.259735169
"361","NRS18_ME_10025",46.58245096,-68.69484212,58,22502,0.14,475.1595,1085.325294,3.494777571,583.0886515,51.89581498,4.654322016,0.246803913
"362","NRS18_VA_10009",38.92939931,-77.87369583,64,12032,0.105,165.4389,1059.631206,12.14192898,404.6995283,43.81042971,8.015923371,0.233270355
"363","NRS18_ME_10002",47.13182687,-67.89809741,82,12803,0.157125018,21356.2728,1083.030526,3.288859044,591.7963214,50.46971551,4.156938751,0.235020072
"364","NRS18_ME_10013",47.20865809,-68.82281706,58,15868,0.05560387,12075.0444,1090.758041,3.152451422,584.4032836,49.24589119,4.124394373,0.235310749
"365","NRS18_PA_10046",40.07336246,-75.2235382,64,3320,0.132954545,140.6196,1194.719909,12.16426741,552.5911587,41.10585366,3.842577315,0.356124971
"366","NRS18_PA_10038",41.45222641,-76.4526647,62,45060,0.918055556,229.0446,1174.371251,7.374653325,634.9030311,39.29565334,2.931375632,0.327106179
"367","NRS18_ME_10001",46.9755638,-69.37838052,58,28581,4.863333333,6.9939,1098.857769,3.072901591,647.2478446,49.35066272,3.51,0.24
"368","NRS18_VA_10017",36.92479803,-79.23007866,45,15994,0.4225,57.6225,1134.389223,13.41545725,336.6176494,57.85618118,4.139278251,0.278989301
"369","NRS18_OH_10016",41.12102096,-81.51975745,61,23327,0.4024125,873.1764,1038.011051,9.583926627,514.7618213,38.73229121,4.842723058,0.393564826
"370","NRS18_CT_10011",41.65626244,-72.62596911,59,0,0.00368,27776.4381,1202.544481,6.619812781,646.810122,47.81003277,10.04193784,0.263985843
"371","NRS18_VA_10007",36.87645295,-79.06775804,45,11330,0.060241402,883.7865,1134.239519,13.61673047,336.518347,53.25608843,4.430453408,0.27304248
"372","NRS18_NC_10003",35.06056645,-84.02452301,66,48344,0.19,21.1338,1466.133516,13.58473221,775,53.85610255,7.534326292,0.252720382
"373","NRS18_NY_10402",41.61301921,-74.10549041,67,15328,0.23,28.287,1199.5459,10.01187491,551.1986637,46.26334712,3.12445097,0.243549157
"374","NRS18_PA_10025",39.80494422,-79.32561228,69,41543,0.190346,1115.748,1131.790858,8.299925576,669.4998903,39.08329058,8.923022545,0.30835996
"375","NRS18_MD_10006",39.44732403,-78.97642063,67,24232,0.271033226,1286.2062,1150.080666,8.834565325,517.4812857,40.61622693,13.72070825,0.291612638
"376","NRS18_CT_10005",41.5405881,-72.55125787,59,0,0.003296192,28209.573,1203.660294,6.67377368,647.3315865,47.84249573,10.08658337,0.263845435
"377","NRS18_CT_10007",41.48484691,-72.50888016,59,0,0.003689751,28292.7618,1204.005783,6.683334585,647.4278679,47.84887792,10.09231302,0.263726968
"378","NRS18_MA_10010",42.35176384,-72.62633488,59,3024,1e-04,20791.3365,1192.676506,5.929882032,653.4129219,47.33117184,8.787131262,0.278942874
"379","NRS18_MA_10631",42.35001685,-72.6362297,59,3028,0.005505638,20792.9862,1192.674568,5.930157124,653.4099105,47.33123261,8.787899022,0.278951541
"380","NRS18_NY_10272",42.8031254,-77.06017097,83,26356,0.797222222,14.5359,875.7664972,8.578197266,414,54,2.98,0.32
"381","NRS18_MA_10004",42.57836331,-72.56957473,59,2970,0.103646176,20354.1372,1192.178843,5.875858314,654.1816284,47.31042833,8.610989829,0.280128426
"382","NRS18_NH_10018",43.51731922,-72.3696471,58,13331,0.81875,64.5804,1105.687378,7.100748143,548,47.15598696,10.42133592,0.274340404
"383","NRS18_WV_10180",39.26324425,-79.26234742,69,78398,0.4525,123.5979,1241.945869,8.072750326,518.1265264,40.33876546,12.13521966,0.285597207
"384","NRS18_DE_10021",39.8061351,-75.46540517,64,2758,0.394444444,13.7754,1150.0361,12.23494829,539.1579773,52.85613485,2.031789494,0.34959297
"385","NRS18_GA_10018",34.12188638,-84.81018192,67,20746,0.04856019,3303.0396,1399.043904,15.27360995,580.2091002,59.31728066,5.403522069,0.255489027
"386","NRS18_MA_10002",41.96178825,-70.91978517,59,559,0.023137291,473.8095,1273.196743,9.97432037,668.5663941,53.47159206,22.68788668,0.177479177
"387","NRS18_VA_10020",38.19040647,-77.65247662,45,6535,0.206666667,38.5821,1108.431047,13.47491211,351.1980685,42.54785509,4.46694138,0.354622454
"388","NRS18_ME_10020",44.26609848,-69.05398813,82,18922,3.223333333,7.8759,1265.683183,7.136912164,760,50,6.28,0.22
"389","NRS18_NY_10040",42.69165019,-73.70884307,59,0,1e-04,21343.3884,1177.952084,6.714769697,696.712185,47.59673397,7.625842335,0.281657967
"390","NRS18_NY_10042",43.47235045,-73.84034429,58,17817,0.053906903,3977.7264,1177.673833,5.373187857,659.5905019,51.57026682,7.527508087,0.234756338
"391","NRS18_ME_10493",44.73871922,-69.76380198,82,4736,0.115584793,10062.4347,1155.79571,4.224722489,648.0354991,46.80820602,7.307100092,0.213755293
"392","NRS18_NY_10016",42.47412939,-73.78701551,59,0,1e-04,22346.6337,1171.392898,6.802584428,683.2337035,47.3762723,7.594699071,0.284316233
"393","NRS18_ME_10014",44.82133255,-68.70376994,82,439,0.052959288,20105.9145,1130.259774,4.78697744,725.0182186,50.68191366,6.46212622,0.213813765
"394","NRS18_KS_10141",37.02237885,-94.6211974,39,27110,1.0375,3.3336,1149.817603,13.97865978,353,45.09773218,4.6987527,0.4
"395","NRS18_DE_10018",39.69224733,-75.7342312,64,1483,0.315217391,181.3941,1179.438065,11.73746755,537.349389,55.34159931,4.123571985,0.322281182
"396","NRS18_NH_10035",43.9031519,-71.98528329,58,27526,0.226666667,37.7415,1127.205786,5.765802374,757.1472517,46.17312507,11.27425468,0.223038989
"397","NRS18_VA_10019",37.79851556,-79.77552806,67,30402,0.142401458,1198.0071,1044.118992,10.50803057,443.9883564,41.41066727,13.49891526,0.278218304
"398","NRS18_NY_10707",41.98257306,-74.00777223,60,3676,0.036811261,950.1228,1349.140876,7.918011591,394.3447274,46.5927619,4.846085547,0.284247025
"399","NRS18_DE_10007",39.81091381,-75.56714584,64,4063,1.786666667,4.3758,1174.042826,12.02289399,538,53.0220074,2.032418758,0.349339778
"400","NRS18_ME_10007",45.89866594,-68.61411606,82,10420,0.034181185,2521.8801,1116.985066,4.022255742,757.1262776,51.3297083,5.565067411,0.225880416
"401","NRS18_TN_10489",35.65534925,-84.15339585,67,25236,0.0575,80.6697,1306.868578,14.68181613,618.6362389,49.90967612,3.097462319,0.340995169
"402","NRS18_ME_10194",44.85215555,-68.07279956,82,9009,0.319270833,428.9382,1160.497734,5.777517504,759.029207,50.07001078,10.77783114,0.200445218
"403","NRS18_ME_10003",44.7373756,-67.54984117,82,1502,0.064563829,1173.1356,1211.280708,5.98164605,758.6458,55.12309472,12.95265448,0.202991245
"404","NRS18_VA_10016",38.8826959,-78.68466031,67,31932,0.390625,136.8261,983.0808468,10.70033486,316.554164,42.65267811,13.60710055,0.27705076
"405","NRS18_GA_10029",34.18192272,-85.40972253,67,17199,0.00648635,10746.1503,1380.610796,15.2455223,612.0345014,53.45606339,4.709557518,0.289898377
"406","NRS18_NC_10555",35.85316559,-78.72632168,45,7317,0.285714286,29.4237,1136.898416,15.38011701,359,26.02911938,3.567597345,0.276463157
"407","NRS18_KY_10025",36.68763019,-86.79188602,71,16517,0.084346902,307.9359,1258.451958,14.26688397,516.8064919,32.84144135,3.18853512,0.383299128
"408","NRS18_NY_10255",44.32237693,-75.4136353,83,13105,0.316712273,15.7482,999.2494636,6.837776391,677.9673105,51.98777003,7.015993828,0.249959995
"409","NRS18_NJ_10032",40.67157283,-75.17844197,58,4398,0.063233109,15805.3662,1216.730492,8.217315851,605.29371,47.95915718,5.725377996,0.303587203
"410","NRS18_NY_10702",43.78230725,-75.14646536,58,47426,0.5705,79.6887,1273.700596,4.757074688,873,52.91729442,7.469079317,0.205989406
"411","NRS18_PA_10043",40.97809621,-75.73480962,67,27195,0.433726579,1084.7943,1313.599846,7.987442482,727.6308147,53.65351311,5.141177589,0.302386987
"412","NRS18_MD_10009",39.26830308,-76.79422599,64,3594,4.363333333,760.3335,1123.146819,12.40737746,371.6706036,60.5951883,4.658945746,0.336691891
"413","NRS18_OK_10033",35.21244823,-94.54958161,37,11725,0.018307776,4731.8292,1293.899594,16.11833288,412.5687306,19.00134777,4.097643149,0.362564545
"414","NRS18_NY_10028",43.7387301,-74.95859878,58,51945,0.040727391,189.864,1236.812188,4.811380209,869.9631684,55.74520288,9.319831146,0.199569871
"415","NRS18_PA_10044",41.39961943,-74.73714352,62,12783,0.125012501,7948.1007,1182.803336,7.21697752,537.868281,43.0678427,3.79715451,0.313831149
"416","NRS18_NY_10279",43.47761388,-74.23156023,58,42365,3.65,2.4102,1222.260661,5.658295353,754,45.58177745,5.59,0.21
"417","NRS18_PA_10024",41.45998297,-77.50980034,62,21925,0.152984,1726.5231,1036.988675,7.298252637,548.0797108,38.30044272,6.07154701,0.317475983
"418","NRS18_MD_10018",39.46356445,-77.3875051,64,7730,0.060554681,1674.6192,1093.666212,11.64407576,452.481904,48.31299659,5.367343488,0.330463742
"419","NRS18_NJ_10020",40.8128161,-75.09568382,67,6139,0.067280263,11780.865,1204.636601,7.783506554,567.9305361,45.5763267,4.835247607,0.305373351
"420","NRS18_GA_10020",33.51300747,-84.82876669,45,21185,0.033174648,5963.9103,1415.985508,15.3258597,573.8310161,56.85587439,4.792414564,0.247499334
"421","NRS18_NY_10286",42.69106154,-75.45007772,60,40891,3.216666667,1.9566,1072.526762,7.357738236,580,45.98298068,3.292585097,0.317819687
"422","NRS18_NY_10091",42.10099288,-75.91593829,60,25121,0.052851329,4161.8979,1086.916693,7.474266444,579.9626973,46.34309201,5.204758584,0.321825814
"423","NRS18_VA_10018",37.62282672,-78.34483344,45,11927,1.073333333,1.3104,1105.802851,13.64210452,505,49,3.22,0.43
"424","NRS18_NY_10013",42.16144092,-75.85677932,60,26088,0.092501987,4019.8104,1089.856157,7.458310674,580.1258362,46.51674706,5.214683455,0.322929401
"425","NRS18_NY_10290",41.45152254,-74.76150688,62,18500,1.218967129,3.4515,1192.052954,8.617906084,637,41.90352021,2.4503103,0.322250326
"426","NRS18_NY_10251",43.45278865,-74.86123359,58,56184,2.2734375,18.2628,1435.626652,4.705991316,795.0741179,55.82259018,5.59,0.21
"427","NRS18_NY_11299",42.06621384,-78.4661779,62,42656,0.018450457,3025.1457,1102.497796,7.08405768,637.9153315,38.81231635,6.672904739,0.313608532
"428","NRS18_DE_10004",39.83429874,-75.57709346,64,4156,0.049400316,789.5601,1206.549898,11.41595988,537.4804016,54.29215344,3.855823246,0.319508383
"429","NRS18_NJ_10633",40.83334815,-74.98271063,58,12440,0.25952381,275.3829,1210.623163,9.753634719,613.9409081,57.37402649,9.870018239,0.264648132
"430","NRS18_ME_10009",46.03282766,-68.60542015,82,13478,1.826666667,8.2935,1156.61184,4.830449168,760,54,5.454773738,0.259574607
"431","NRS18_MD_10481",39.65681743,-78.40977244,67,16849,0.9,132.3666,971.6244638,10.88944742,349,33.64718441,12.46061894,0.299022873
"432","NRS18_NC_10035",35.35514394,-83.02465971,66,113850,11.22333333,5.7321,1710.345904,9.669460398,888.791333,60.91537133,8.70387345,0.244674203
"433","NRS18_CT_10020",41.43100509,-72.44427755,59,0,0.006403838,28728.7173,1205.129517,6.727907098,647.9134132,47.91060558,10.1018735,0.263247621
"434","NRS18_PA_10013",41.28870642,-77.34122825,62,17929,0.131841728,2434.5477,1050.090743,7.422897548,548.812071,39.01159201,8.057280138,0.303215057
"435","NRS18_PA_10009",41.9225841,-77.12922788,60,30935,0.138251151,726.5844,967.1149277,7.602410127,384.7603181,35.5847735,3.784093279,0.336570141
"436","NRS18_NC_10897",35.99664472,-80.3368354,45,20655,0.077941176,473.3901,1125.395521,14.68445631,487.4838333,48.53320317,3.579674214,0.247270855
"437","NRS18_NC_10007",36.21491718,-80.96029346,45,27553,0.047682415,2024.8281,1261.844275,13.39819447,489.2363881,63.19158115,5.815429265,0.250140799
