"","SITE_ID","GOLDEN REDHORSE","BLACK BUFFALO","RIVER REDHORSE","BLACK REDHORSE","SILVER REDHORSE","SMALLMOUTH BUFFALO","SPOTTED SUCKER","ALABAMA HOG SUCKER","BLACKTAIL REDHORSE","EASTERN CREEK CHUBSUCKER","WESTERN CREEK CHUBSUCKER","NORTHERN HOG SUCKER","WHITE SUCKER","STRIPED JUMPROCK","NOTCHLIP REDHORSE","BIGMOUTH BUFFALO","RIVER CARPSUCKER","QUILLBACK","SHORTHEAD REDHORSE","BLUE SUCKER","BLACKFIN SUCKER","SMALLMOUTH REDHORSE","LONGNOSE SUCKER","V-LIP REDHORSE","HIGHFIN CARPSUCKER","BLACKTIP JUMPROCK","ROANOKE HOG SUCKER","TORRENT SUCKER"
"1","NRS18_AL_10002",21,20,1,8,1,5,3,0,0,0,0,0,0,0,0,0,0,0,0,0,0,0,0,0,0,0,0,0
"2","NRS18_AL_10007",0,0,0,2,0,0,0,11,6,0,0,0,0,0,0,0,0,0,0,0,0,0,0,0,0,0,0,0
"3","NRS18_AL_10016",0,0,0,0,0,0,2,0,2,0,0,0,0,0,0,0,0,0,0,0,0,0,0,0,0,0,0,0
"4","NRS18_AL_10018",0,0,0,0,0,0,0,0,0,0,0,0,0,0,0,0,0,0,0,0,0,0,0,0,0,0,0,0
"5","NRS18_AL_10023",0,0,0,0,0,0,0,0,0,0,0,0,0,0,0,0,0,0,0,0,0,0,0,0,0,0,0,0
"6","NRS18_AL_10025",5,0,0,0,0,0,0,0,0,0,0,0,0,0,0,0,0,0,0,0,0,0,0,0,0,0,0,0
"7","NRS18_AL_10188",0,0,0,0,0,0,0,0,0,0,1,0,0,0,0,0,0,0,0,0,0,0,0,0,0,0,0,0
"8","NRS18_AL_10189",0,0,0,0,0,0,0,0,0,0,0,0,0,0,0,0,0,0,0,0,0,0,0,0,0,0,0,0
"9","NRS18_AL_10191",0,0,0,0,0,0,0,0,0,0,0,0,0,0,0,0,0,0,0,0,0,0,0,0,0,0,0,0
"10","NRS18_AL_11088",0,0,0,0,0,0,4,1,0,0,0,0,0,0,0,0,0,0,0,0,0,0,0,0,0,0,0,0
"11","NRS18_AR_10001",0,0,0,0,0,0,0,0,0,0,0,0,0,0,0,0,0,0,0,0,0,0,0,0,0,0,0,0
"12","NRS18_AR_10004",0,0,0,0,0,0,0,0,0,0,0,0,0,0,0,0,0,0,0,0,0,0,0,0,0,0,0,0
"13","NRS18_AR_10007",0,0,0,0,0,0,0,0,0,0,0,2,0,0,0,0,0,0,0,0,0,0,0,0,0,0,0,0
"14","NRS18_AR_10014",0,0,0,0,0,0,0,0,0,0,1,1,0,0,0,0,0,0,0,0,0,0,0,0,0,0,0,0
"15","NRS18_AR_10016",0,0,0,0,0,0,2,0,0,0,0,0,0,0,0,0,0,0,0,0,0,0,0,0,0,0,0,0
"16","NRS18_AR_10025",0,0,0,0,0,0,0,0,0,0,0,10,0,0,0,0,0,0,0,0,0,0,0,0,0,0,0,0
"17","NRS18_AR_10027",29,0,8,2,0,0,0,0,0,0,0,2,0,0,0,0,0,0,0,0,0,0,0,0,0,0,0,0
"18","NRS18_AR_10034",0,0,0,13,0,0,0,0,0,0,1,25,0,0,0,0,0,0,0,0,0,0,0,0,0,0,0,0
"19","NRS18_AR_10190",0,0,0,0,0,0,0,0,0,0,0,0,0,0,0,0,0,0,0,0,0,0,0,0,0,0,0,0
"20","NRS18_AR_10191",0,0,0,0,0,0,0,0,0,0,0,0,0,0,0,0,0,0,0,0,0,0,0,0,0,0,0,0
"21","NRS18_AR_10489",0,0,0,3,0,0,0,0,0,0,0,1,0,0,0,0,0,0,0,0,0,0,0,0,0,0,0,0
"22","NRS18_CT_10001",0,0,0,0,0,0,0,0,0,0,0,0,0,0,0,0,0,0,0,0,0,0,0,0,0,0,0,0
"23","NRS18_CT_10002",0,0,0,0,0,0,0,0,0,0,0,0,45,0,0,0,0,0,0,0,0,0,0,0,0,0,0,0
"24","NRS18_CT_10003",0,0,0,0,0,0,0,0,0,0,0,0,13,0,0,0,0,0,0,0,0,0,0,0,0,0,0,0
"25","NRS18_CT_10004",0,0,0,0,0,0,0,0,0,0,0,0,16,0,0,0,0,0,0,0,0,0,0,0,0,0,0,0
"26","NRS18_CT_10005",0,0,0,0,0,0,0,0,0,0,0,0,4,0,0,0,0,0,0,0,0,0,0,0,0,0,0,0
"27","NRS18_CT_10006",0,0,0,0,0,0,0,0,0,0,0,0,64,0,0,0,0,0,0,0,0,0,0,0,0,0,0,0
"28","NRS18_CT_10007",0,0,0,0,0,0,0,0,0,0,0,0,0,0,0,0,0,0,0,0,0,0,0,0,0,0,0,0
"29","NRS18_CT_10008",0,0,0,0,0,0,0,0,0,0,0,0,4,0,0,0,0,0,0,0,0,0,0,0,0,0,0,0
"30","NRS18_CT_10009",0,0,0,0,0,0,0,0,0,0,0,0,2,0,0,0,0,0,0,0,0,0,0,0,0,0,0,0
"31","NRS18_CT_10010",0,0,0,0,0,0,0,0,0,0,0,0,22,0,0,0,0,0,0,0,0,0,0,0,0,0,0,0
"32","NRS18_CT_10011",0,0,0,0,0,0,0,0,0,0,0,0,0,0,0,0,0,0,0,0,0,0,0,0,0,0,0,0
"33","NRS18_CT_10017",0,0,0,0,0,0,0,0,0,0,0,0,15,0,0,0,0,0,0,0,0,0,0,0,0,0,0,0
"34","NRS18_CT_10018",0,0,0,0,0,0,0,0,0,0,0,0,0,0,0,0,0,0,0,0,0,0,0,0,0,0,0,0
"35","NRS18_CT_10019",0,0,0,0,0,0,0,0,0,0,0,0,44,0,0,0,0,0,0,0,0,0,0,0,0,0,0,0
"36","NRS18_CT_10020",0,0,0,0,0,0,0,0,0,0,0,0,3,0,0,0,0,0,0,0,0,0,0,0,0,0,0,0
"37","NRS18_CT_10030",0,0,0,0,0,0,0,0,0,0,0,0,12,0,0,0,0,0,0,0,0,0,0,0,0,0,0,0
"38","NRS18_CT_10031",0,0,0,0,0,0,0,0,0,0,0,0,0,0,0,0,0,0,0,0,0,0,0,0,0,0,0,0
"39","NRS18_CT_10032",0,0,0,0,0,0,0,0,0,0,0,0,4,0,0,0,0,0,0,0,0,0,0,0,0,0,0,0
"40","NRS18_CT_10036",0,0,0,0,0,0,0,0,0,0,0,0,19,0,0,0,0,0,0,0,0,0,0,0,0,0,0,0
"41","NRS18_CT_10037",0,0,0,0,0,0,0,0,0,0,0,0,9,0,0,0,0,0,0,0,0,0,0,0,0,0,0,0
"42","NRS18_DE_10004",0,0,0,0,0,0,0,0,0,0,0,4,23,0,0,0,0,0,0,0,0,0,0,0,0,0,0,0
"43","NRS18_DE_10007",0,0,0,0,0,0,0,0,0,0,0,0,30,0,0,0,0,0,0,0,0,0,0,0,0,0,0,0
"44","NRS18_DE_10014",0,0,0,0,0,0,0,0,0,0,0,0,47,0,0,0,0,0,0,0,0,0,0,0,0,0,0,0
"45","NRS18_DE_10015",0,0,0,0,0,0,0,0,0,0,0,0,13,0,0,0,0,0,0,0,0,0,0,0,0,0,0,0
"46","NRS18_DE_10016",0,0,0,0,0,0,0,0,0,0,0,0,48,0,0,0,0,0,0,0,0,0,0,0,0,0,0,0
"47","NRS18_DE_10018",0,0,0,0,0,0,0,0,0,0,0,4,7,0,0,0,0,0,0,0,0,0,0,0,0,0,0,0
"48","NRS18_DE_10021",0,0,0,0,0,0,0,0,0,0,0,0,24,0,0,0,0,0,0,0,0,0,0,0,0,0,0,0
"49","NRS18_GA_10001",0,0,0,0,0,0,0,19,0,0,0,0,0,0,0,0,0,0,0,0,0,0,0,0,0,0,0,0
"50","NRS18_GA_10003",0,0,0,0,0,0,0,0,0,0,0,0,0,0,0,0,0,0,0,0,0,0,0,0,0,0,0,0
"51","NRS18_GA_10005",0,0,0,0,0,0,0,0,0,0,0,0,0,10,0,0,0,0,0,0,0,0,0,0,0,0,0,0
"52","NRS18_GA_10006",0,0,0,0,0,0,0,16,0,0,0,0,0,0,0,0,0,0,0,0,0,0,0,0,0,0,0,0
"53","NRS18_GA_10010",0,0,0,0,0,0,13,0,0,0,0,0,0,2,14,0,0,0,0,0,0,0,0,0,0,0,0,0
"54","NRS18_GA_10014",0,0,0,0,0,0,0,0,0,0,0,0,0,2,0,0,0,0,0,0,0,0,0,0,0,0,0,0
"55","NRS18_GA_10015",13,0,0,19,0,0,0,34,1,0,0,0,0,0,0,0,0,0,0,0,0,0,0,0,0,0,0,0
"56","NRS18_GA_10018",39,0,1,90,0,87,0,0,55,0,0,0,0,0,0,0,0,0,0,0,0,0,0,0,0,0,0,0
"57","NRS18_GA_10019",0,0,0,0,0,0,11,11,0,0,0,0,1,0,0,0,0,0,0,0,0,0,0,0,0,0,0,0
"58","NRS18_GA_10020",0,0,0,0,0,0,1,5,0,0,0,0,0,0,0,0,0,0,0,0,0,0,0,0,0,0,0,0
"59","NRS18_GA_10022",0,0,0,0,0,0,2,0,0,1,0,1,0,0,0,0,0,0,0,0,0,0,0,0,0,0,0,0
"60","NRS18_GA_10024",0,0,0,0,0,0,0,2,0,0,0,0,0,0,0,0,0,0,0,0,0,0,0,0,0,0,0,0
"61","NRS18_GA_10025",6,0,0,6,0,0,0,5,1,0,0,0,0,0,0,0,0,0,0,0,0,0,0,0,0,0,0,0
"62","NRS18_GA_10027",0,0,0,0,0,0,10,0,0,0,0,13,0,0,0,0,0,0,0,0,0,0,0,0,0,0,0,0
"63","NRS18_GA_10029",0,0,0,0,0,8,4,0,7,0,0,0,0,0,0,0,0,0,0,0,0,0,0,0,0,0,0,0
"64","NRS18_GA_10036",0,0,0,0,0,0,0,0,0,0,0,0,0,0,0,0,0,0,0,0,0,0,0,0,0,0,0,0
"65","NRS18_IL_10027",0,0,0,0,0,0,0,0,0,0,2,0,0,0,0,0,0,0,0,0,0,0,0,0,0,0,0,0
"66","NRS18_IL_10031",4,0,0,0,0,11,71,0,0,0,0,0,0,0,0,7,0,0,0,0,0,0,0,0,0,0,0,0
"67","NRS18_IL_10037",0,0,4,0,0,39,0,0,0,0,0,0,0,0,0,4,6,0,0,0,0,0,0,0,0,0,0,0
"68","NRS18_IN_10003",0,0,0,0,0,0,0,0,0,0,0,0,3,0,0,0,0,0,0,0,0,0,0,0,0,0,0,0
"69","NRS18_IN_10015",4,0,0,0,0,7,0,0,0,0,0,0,0,0,0,1,18,0,0,0,0,0,0,0,0,0,0,0
"70","NRS18_IN_10027",2,6,0,0,0,5,0,0,0,0,0,0,0,0,0,3,5,1,2,1,0,0,0,0,0,0,0,0
"71","NRS18_IN_10053",0,0,0,0,0,0,0,0,0,0,0,0,5,0,0,0,0,0,0,0,0,0,0,0,0,0,0,0
"72","NRS18_IN_10498",0,0,0,0,0,0,0,0,0,0,0,8,1,0,0,0,0,0,0,0,0,0,0,0,0,0,0,0
"73","NRS18_KS_10141",0,0,0,0,0,0,0,0,0,0,0,0,0,0,0,0,0,0,0,0,0,0,0,0,0,0,0,0
"74","NRS18_KY_10001",17,0,0,21,0,0,0,0,0,0,0,23,0,0,0,0,0,0,0,0,0,0,0,0,0,0,0,0
"75","NRS18_KY_10003",0,0,0,0,0,0,0,0,0,0,0,0,0,0,0,0,0,0,0,0,0,0,0,0,0,0,0,0
"76","NRS18_KY_10004",0,0,0,0,0,0,0,0,0,0,0,10,0,0,0,0,0,0,0,0,2,0,0,0,0,0,0,0
"77","NRS18_KY_10005",0,0,0,0,0,0,0,0,0,0,0,0,0,0,0,0,0,0,0,0,0,0,0,0,0,0,0,0
"78","NRS18_KY_10006",0,0,0,0,0,0,0,0,0,0,0,0,41,0,0,0,0,0,0,0,0,0,0,0,0,0,0,0
"79","NRS18_KY_10007",15,0,8,4,1,0,0,0,0,0,0,0,0,0,0,0,0,0,0,0,0,5,0,0,0,0,0,0
"80","NRS18_KY_10008",7,0,0,0,0,11,0,0,0,0,0,0,0,0,0,1,19,1,0,0,0,0,0,0,0,0,0,0
"81","NRS18_KY_10010",8,0,2,0,5,9,0,0,0,0,0,0,0,0,0,0,0,0,0,0,0,2,0,0,0,0,0,0
"82","NRS18_KY_10011",0,0,0,0,0,0,0,0,0,0,0,9,1,0,0,0,0,0,0,0,0,0,0,0,0,0,0,0
"83","NRS18_KY_10015",10,0,0,0,0,0,0,0,0,0,0,1,0,0,0,0,0,0,0,0,0,0,0,0,0,0,0,0
"84","NRS18_KY_10018",26,0,2,0,1,0,0,0,0,0,0,7,0,0,0,0,4,0,0,0,0,3,0,0,0,0,0,0
"85","NRS18_KY_10019",8,0,0,0,1,17,0,0,0,0,0,0,0,0,0,0,28,3,0,0,0,10,0,0,0,0,0,0
"86","NRS18_KY_10020",14,1,0,7,1,6,30,0,0,0,0,6,0,0,0,5,3,1,0,0,0,1,0,0,0,0,0,0
"87","NRS18_KY_10025",2,0,0,9,0,0,0,0,0,0,0,28,0,0,0,0,0,0,0,0,0,0,0,0,0,0,0,0
"88","NRS18_KY_10026",37,0,0,0,0,0,0,0,0,0,0,17,0,0,0,0,0,1,0,0,0,0,0,0,0,0,0,0
"89","NRS18_KY_10029",16,0,3,0,10,5,0,0,0,0,0,1,0,0,0,0,4,1,0,0,0,2,0,0,0,0,0,0
"90","NRS18_KY_10032",0,0,0,0,0,1,0,0,0,0,0,0,0,0,0,2,0,0,0,0,0,0,0,0,0,0,0,0
"91","NRS18_KY_10197",0,0,0,0,0,0,0,0,0,0,0,0,14,0,0,0,0,0,0,0,0,0,0,0,0,0,0,0
"92","NRS18_MA_10001",0,0,0,0,0,0,0,0,0,0,0,0,18,0,0,0,0,0,0,0,0,0,0,0,0,0,0,0
"93","NRS18_MA_10002",0,0,0,0,0,0,0,0,0,0,0,0,1,0,0,0,0,0,0,0,0,0,0,0,0,0,0,0
"94","NRS18_MA_10003",0,0,0,0,0,0,0,0,0,0,0,0,0,0,0,0,0,0,0,0,0,0,0,0,0,0,0,0
"95","NRS18_MA_10004",0,0,0,0,0,0,0,0,0,0,0,0,0,0,0,0,0,0,0,0,0,0,0,0,0,0,0,0
"96","NRS18_MA_10005",0,0,0,0,0,0,0,0,0,0,0,0,0,0,0,0,0,0,0,0,0,0,0,0,0,0,0,0
"97","NRS18_MA_10006",0,0,0,0,0,0,0,0,0,0,0,0,12,0,0,0,0,0,0,0,0,0,0,0,0,0,0,0
"98","NRS18_MA_10007",0,0,0,0,0,0,0,0,0,0,0,0,0,0,0,0,0,0,0,0,0,0,0,0,0,0,0,0
"99","NRS18_MA_10008",0,0,0,0,0,0,0,0,0,0,0,0,25,0,0,0,0,0,0,0,0,0,0,0,0,0,0,0
"100","NRS18_MA_10009",0,0,0,0,0,0,0,0,0,0,0,0,34,0,0,0,0,0,0,0,0,0,0,0,0,0,0,0
"101","NRS18_MA_10010",0,0,0,0,0,0,0,0,0,0,0,0,1,0,0,0,0,0,0,0,0,0,0,0,0,0,0,0
"102","NRS18_MA_10013",0,0,0,0,0,0,0,0,0,0,0,0,4,0,0,0,0,0,0,0,0,0,0,0,0,0,0,0
"103","NRS18_MA_10014",0,0,0,0,0,0,0,0,0,0,0,0,0,0,0,0,0,0,0,0,0,0,0,0,0,0,0,0
"104","NRS18_MA_10016",0,0,0,0,0,0,0,0,0,0,0,0,0,0,0,0,0,0,0,0,0,0,0,0,0,0,0,0
"105","NRS18_MA_10017",0,0,0,0,0,0,0,0,0,0,0,0,0,0,0,0,0,0,0,0,0,0,0,0,0,0,0,0
"106","NRS18_MA_10019",0,0,0,0,0,0,0,0,0,0,0,0,1,0,0,0,0,0,0,0,0,0,0,0,0,0,0,0
"107","NRS18_MA_10182",0,0,0,0,0,0,0,0,0,0,0,0,0,0,0,0,0,0,0,0,0,0,0,0,0,0,0,0
"108","NRS18_MA_10631",0,0,0,0,0,0,0,0,0,0,0,0,0,0,0,0,0,0,0,0,0,0,0,0,0,0,0,0
"109","NRS18_MD_10002",0,0,0,0,0,0,0,0,0,0,0,3,1,0,0,0,0,0,2,0,0,0,0,0,0,0,0,0
"110","NRS18_MD_10003",0,0,0,0,0,0,0,0,0,0,0,0,1,0,0,0,0,0,0,0,0,0,0,0,0,0,0,0
"111","NRS18_MD_10004",235,0,0,0,0,0,0,0,0,0,0,3,0,0,0,0,0,0,0,0,0,0,0,0,0,0,0,0
"112","NRS18_MD_10005",0,0,0,0,0,0,0,0,0,0,0,0,6,0,0,0,0,0,0,0,0,0,0,0,0,0,0,0
"113","NRS18_MD_10006",0,0,0,0,0,0,0,0,0,0,0,1,24,0,0,0,0,0,0,0,0,0,0,0,0,0,0,0
"114","NRS18_MD_10008",0,0,0,0,0,0,0,0,0,0,0,0,26,0,0,0,0,0,0,0,0,0,0,0,0,0,0,0
"115","NRS18_MD_10009",0,0,0,0,0,0,0,0,0,0,0,29,12,0,0,0,0,0,0,0,0,0,0,0,0,0,0,0
"116","NRS18_MD_10010",20,0,0,0,0,0,0,0,0,0,0,4,0,0,0,0,0,0,4,0,0,0,0,0,0,0,0,0
"117","NRS18_MD_10013",0,0,0,0,0,0,0,0,0,0,0,0,22,0,0,0,0,0,0,0,0,0,0,0,0,0,0,0
"118","NRS18_MD_10014",2,0,0,0,0,0,0,0,0,0,0,0,7,0,0,0,0,0,0,0,0,0,0,0,0,0,0,0
"119","NRS18_MD_10018",13,0,0,0,0,0,0,0,0,0,0,0,0,0,0,0,0,0,0,0,0,0,0,0,0,0,0,0
"120","NRS18_MD_10481",0,0,0,0,0,0,0,0,0,0,0,0,0,0,0,0,0,0,0,0,0,0,0,0,0,0,0,0
"121","NRS18_MD_11081",48,0,0,0,0,0,0,0,0,0,0,3,0,0,0,0,0,0,3,0,0,0,0,0,0,0,0,0
"122","NRS18_ME_10001",0,0,0,0,0,0,0,0,0,0,0,0,0,0,0,0,0,0,0,0,0,0,0,0,0,0,0,0
"123","NRS18_ME_10002",0,0,0,0,0,0,0,0,0,0,0,0,12,0,0,0,0,0,0,0,0,0,0,0,0,0,0,0
"124","NRS18_ME_10003",0,0,0,0,0,0,0,0,0,0,0,0,1,0,0,0,0,0,0,0,0,0,0,0,0,0,0,0
"125","NRS18_ME_10004",0,0,0,0,0,0,0,0,0,0,0,0,9,0,0,0,0,0,0,0,0,0,0,0,0,0,0,0
"126","NRS18_ME_10005",0,0,0,0,0,0,0,0,0,0,0,0,8,0,0,0,0,0,0,0,0,0,0,0,0,0,0,0
"127","NRS18_ME_10006",0,0,0,0,0,0,0,0,0,0,0,0,31,0,0,0,0,0,0,0,0,0,9,0,0,0,0,0
"128","NRS18_ME_10007",0,0,0,0,0,0,0,0,0,0,0,0,8,0,0,0,0,0,0,0,0,0,1,0,0,0,0,0
"129","NRS18_ME_10008",0,0,0,0,0,0,0,0,0,0,0,0,0,0,0,0,0,0,0,0,0,0,0,0,0,0,0,0
"130","NRS18_ME_10009",0,0,0,0,0,0,0,0,0,0,0,0,2,0,0,0,0,0,0,0,0,0,0,0,0,0,0,0
"131","NRS18_ME_10012",0,0,0,0,0,0,0,0,0,0,0,0,20,0,0,0,0,0,0,0,0,0,0,0,0,0,0,0
"132","NRS18_ME_10013",0,0,0,0,0,0,0,0,0,0,0,0,0,0,0,0,0,0,0,0,0,0,1,0,0,0,0,0
"133","NRS18_ME_10014",0,0,0,0,0,0,0,0,0,0,0,0,9,0,0,0,0,0,0,0,0,0,0,0,0,0,0,0
"134","NRS18_ME_10017",0,0,0,0,0,0,0,0,0,0,0,0,169,0,0,0,0,0,0,0,0,0,0,0,0,0,0,0
"135","NRS18_ME_10018",0,0,0,0,0,0,0,0,0,0,0,0,20,0,0,0,0,0,0,0,0,0,0,0,0,0,0,0
"136","NRS18_ME_10019",0,0,0,0,0,0,0,0,0,0,0,0,2,0,0,0,0,0,0,0,0,0,0,0,0,0,0,0
"137","NRS18_ME_10020",0,0,0,0,0,0,0,0,0,0,0,0,0,0,0,0,0,0,0,0,0,0,0,0,0,0,0,0
"138","NRS18_ME_10025",0,0,0,0,0,0,0,0,0,0,0,0,6,0,0,0,0,0,0,0,0,0,6,0,0,0,0,0
"139","NRS18_ME_10044",0,0,0,0,0,0,0,0,0,0,0,0,6,0,0,0,0,0,0,0,0,0,0,0,0,0,0,0
"140","NRS18_ME_10193",0,0,0,0,0,0,0,0,0,0,0,0,6,0,0,0,0,0,0,0,0,0,0,0,0,0,0,0
"141","NRS18_ME_10194",0,0,0,0,0,0,0,0,0,0,0,0,7,0,0,0,0,0,0,0,0,0,0,0,0,0,0,0
"142","NRS18_ME_10493",0,0,0,0,0,0,0,0,0,0,0,0,1,0,0,0,0,0,0,0,0,0,0,0,0,0,0,0
"143","NRS18_MO_10010",4,0,0,57,2,0,0,0,0,0,0,25,0,0,0,1,1,0,0,0,0,0,0,0,0,0,0,0
"144","NRS18_MO_10012",0,0,0,6,0,0,0,0,0,0,0,25,0,0,0,0,0,0,0,0,0,0,0,0,0,0,0,0
"145","NRS18_MO_10019",0,0,0,0,0,0,0,0,0,0,0,0,0,0,0,0,0,0,0,0,0,0,0,0,0,0,0,0
"146","NRS18_MO_10021",5,0,0,8,0,0,0,0,0,0,0,68,0,0,0,0,0,0,2,0,0,0,0,0,0,0,0,0
"147","NRS18_MO_10026",56,0,0,0,0,0,0,0,0,0,0,8,0,0,0,0,0,0,1,0,0,0,0,0,0,0,0,0
"148","NRS18_MO_10031",0,0,0,0,0,0,0,0,0,0,0,0,0,0,0,0,0,0,0,0,0,0,0,0,0,0,0,0
"149","NRS18_MO_10041",21,0,0,5,0,0,0,0,0,0,0,15,0,0,0,0,0,0,0,0,0,0,0,0,0,0,0,0
"150","NRS18_MO_10051",0,0,0,0,0,0,0,0,0,0,0,4,0,0,0,0,0,0,0,0,0,0,0,0,0,0,0,0
"151","NRS18_MO_10213",0,0,0,0,0,0,0,0,0,0,0,0,0,0,0,0,0,0,0,0,0,0,0,0,0,0,0,0
"152","NRS18_MO_10214",0,0,0,0,0,0,0,0,0,0,0,0,0,0,0,0,13,7,0,0,0,0,0,0,0,0,0,0
"153","NRS18_MO_11111",45,0,0,22,0,0,0,0,0,0,0,18,0,0,0,0,0,0,0,0,0,0,0,0,0,0,0,0
"154","NRS18_NC_10001",0,0,0,0,0,0,0,0,0,0,0,0,0,0,0,0,0,0,0,0,0,0,0,0,0,0,0,0
"155","NRS18_NC_10003",6,0,0,0,0,0,0,0,0,0,0,24,0,0,0,0,0,0,0,0,0,0,0,0,0,0,0,0
"156","NRS18_NC_10006",0,0,0,0,0,0,0,0,0,0,0,0,0,0,10,0,0,0,6,0,0,0,0,1,0,0,0,0
"157","NRS18_NC_10007",0,0,0,0,0,0,0,0,0,0,0,0,0,0,28,0,0,0,15,0,0,0,0,9,0,0,0,0
"158","NRS18_NC_10010",0,0,0,0,0,0,0,0,0,0,0,0,13,0,2,0,0,0,0,0,0,0,0,0,0,0,0,0
"159","NRS18_NC_10012",0,0,0,0,0,0,0,0,0,0,0,0,0,0,0,0,0,0,0,0,0,0,0,0,0,0,0,0
"160","NRS18_NC_10014",0,0,0,0,0,0,0,0,0,0,0,20,0,0,0,0,0,0,0,0,0,0,0,0,0,0,0,0
"161","NRS18_NC_10020",0,0,0,0,0,0,0,0,0,0,0,0,0,0,0,0,0,0,0,0,0,0,0,0,0,0,0,0
"162","NRS18_NC_10023",0,0,0,0,0,0,0,0,0,0,0,8,0,7,0,0,0,0,0,0,0,0,0,0,0,0,0,0
"163","NRS18_NC_10027",0,0,0,0,0,0,2,0,0,0,0,0,0,0,6,0,0,0,19,0,0,0,0,0,0,0,0,0
"164","NRS18_NC_10030",0,0,0,0,0,0,0,0,0,28,0,0,0,0,0,0,0,0,0,0,0,0,0,0,0,0,0,0
"165","NRS18_NC_10032",0,0,0,0,0,0,0,0,0,0,0,0,0,0,0,0,0,0,0,0,0,0,0,0,0,0,0,0
"166","NRS18_NC_10035",0,0,0,0,0,0,0,0,0,0,0,0,0,0,0,0,0,0,0,0,0,0,0,0,0,0,0,0
"167","NRS18_NC_10037",0,0,0,0,0,0,0,0,0,8,0,0,0,0,0,0,0,0,0,0,0,0,0,0,0,0,0,0
"168","NRS18_NC_10555",0,0,0,0,0,0,0,0,0,4,0,13,0,0,1,0,0,0,0,0,0,0,0,0,0,0,0,0
"169","NRS18_NC_10897",0,0,0,0,0,0,0,0,0,0,0,0,1,0,0,0,0,0,0,0,0,0,0,0,0,0,0,0
"170","NRS18_NH_10001",0,0,0,0,0,0,0,0,0,0,0,0,1,0,0,0,0,0,0,0,0,0,0,0,0,0,0,0
"171","NRS18_NH_10002",0,0,0,0,0,0,0,0,0,0,0,0,46,0,0,0,0,0,0,0,0,0,0,0,0,0,0,0
"172","NRS18_NH_10003",0,0,0,0,0,0,0,0,0,0,0,0,0,0,0,0,0,0,0,0,0,0,4,0,0,0,0,0
"173","NRS18_NH_10004",0,0,0,0,0,0,0,0,0,0,0,0,44,0,0,0,0,0,0,0,0,0,0,0,0,0,0,0
"174","NRS18_NH_10005",0,0,0,0,0,0,0,0,0,0,0,0,12,0,0,0,0,0,0,0,0,0,0,0,0,0,0,0
"175","NRS18_NH_10006",0,0,0,0,0,0,0,0,0,0,0,0,15,0,0,0,0,0,0,0,0,0,0,0,0,0,0,0
"176","NRS18_NH_10007",0,0,0,0,0,0,0,0,0,0,0,0,121,0,0,0,0,0,0,0,0,0,2,0,0,0,0,0
"177","NRS18_NH_10009",0,0,0,0,0,0,0,0,0,0,0,0,0,0,0,0,0,0,0,0,0,0,6,0,0,0,0,0
"178","NRS18_NH_10010",0,0,0,0,0,0,0,0,0,0,0,0,0,0,0,0,0,0,0,0,0,0,0,0,0,0,0,0
"179","NRS18_NH_10011",0,0,0,0,0,0,0,0,0,0,0,0,3,0,0,0,0,0,0,0,0,0,0,0,0,0,0,0
"180","NRS18_NH_10012",0,0,0,0,0,0,0,0,0,0,0,0,0,0,0,0,0,0,0,0,0,0,0,0,0,0,0,0
"181","NRS18_NH_10017",0,0,0,0,0,0,0,0,0,0,0,0,0,0,0,0,0,0,0,0,0,0,0,0,0,0,0,0
"182","NRS18_NH_10018",0,0,0,0,0,0,0,0,0,0,0,0,8,0,0,0,0,0,0,0,0,0,0,0,0,0,0,0
"183","NRS18_NH_10019",0,0,0,0,0,0,0,0,0,0,0,0,0,0,0,0,0,0,0,0,0,0,0,0,0,0,0,0
"184","NRS18_NH_10020",0,0,0,0,0,0,0,0,0,0,0,0,14,0,0,0,0,0,0,0,0,0,0,0,0,0,0,0
"185","NRS18_NH_10031",0,0,0,0,0,0,0,0,0,0,0,0,0,0,0,0,0,0,0,0,0,0,0,0,0,0,0,0
"186","NRS18_NH_10035",0,0,0,0,0,0,0,0,0,0,0,0,40,0,0,0,0,0,0,0,0,0,0,0,0,0,0,0
"187","NRS18_NJ_10001",0,0,0,0,0,0,0,0,0,0,0,0,0,0,0,0,0,0,0,0,0,0,0,0,0,0,0,0
"188","NRS18_NJ_10002",0,0,0,0,0,0,0,0,0,0,0,17,17,0,0,0,0,0,0,0,0,0,0,0,0,0,0,0
"189","NRS18_NJ_10005",0,0,0,0,0,0,0,0,0,0,0,0,8,0,0,0,0,0,0,0,0,0,0,0,0,0,0,0
"190","NRS18_NJ_10007",0,0,0,0,0,0,0,0,0,0,0,0,2,0,0,0,0,0,0,0,0,0,0,0,0,0,0,0
"191","NRS18_NJ_10008",0,0,0,0,0,0,0,0,0,0,0,22,34,0,0,0,0,2,0,0,0,0,0,0,0,0,0,0
"192","NRS18_NJ_10019",0,0,0,0,0,0,0,0,0,1,0,6,64,0,0,0,0,1,0,0,0,0,0,0,0,0,0,0
"193","NRS18_NJ_10020",0,0,0,0,0,0,0,0,0,0,0,10,10,0,0,0,0,0,0,0,0,0,0,0,0,0,0,0
"194","NRS18_NJ_10032",0,0,0,0,0,0,0,0,0,0,0,3,0,0,0,0,0,0,0,0,0,0,0,0,0,0,0,0
"195","NRS18_NJ_10183",0,0,0,0,0,0,0,0,0,0,0,0,43,0,0,0,0,0,0,0,0,0,0,0,0,0,0,0
"196","NRS18_NJ_10334",0,0,0,0,0,0,0,0,0,0,0,0,0,0,0,0,0,0,0,0,0,0,0,0,0,0,0,0
"197","NRS18_NJ_10633",0,0,0,0,0,0,0,0,0,0,0,0,47,0,0,0,0,0,0,0,0,0,0,0,0,0,0,0
"198","NRS18_NJ_11083",0,0,0,0,0,0,0,0,0,0,0,0,5,0,0,0,0,0,0,0,0,0,0,0,0,0,0,0
"199","NRS18_NY_10002",0,0,0,0,0,0,0,0,0,0,0,8,47,0,0,0,0,0,1,0,0,0,0,0,0,0,0,0
"200","NRS18_NY_10004",0,0,0,0,0,0,0,0,0,0,0,0,0,0,0,0,0,0,0,0,0,0,0,0,0,0,0,0
"201","NRS18_NY_10007",0,0,0,0,0,0,0,0,0,0,0,0,4,0,0,0,0,0,0,0,0,0,0,0,0,0,0,0
"202","NRS18_NY_10010",0,0,0,0,0,0,0,0,0,0,0,0,24,0,0,0,0,0,0,0,0,0,0,0,0,0,0,0
"203","NRS18_NY_10012",0,0,0,0,0,0,0,0,0,0,0,0,2,0,0,0,0,0,0,0,0,0,0,0,0,0,0,0
"204","NRS18_NY_10013",0,0,0,0,0,0,0,0,0,0,0,13,0,0,0,0,0,0,0,0,0,0,0,0,0,0,0,0
"205","NRS18_NY_10014",0,0,0,0,0,0,0,0,0,0,0,0,1,0,0,0,0,0,0,0,0,0,0,0,0,0,0,0
"206","NRS18_NY_10015",0,0,0,0,0,0,0,0,0,0,0,0,0,0,0,0,0,0,0,0,0,0,0,0,0,0,0,0
"207","NRS18_NY_10016",0,0,0,0,0,0,0,0,0,0,0,0,0,0,0,0,0,0,0,0,0,0,0,0,0,0,0,0
"208","NRS18_NY_10017",0,0,0,11,16,0,0,0,0,0,0,40,49,0,0,0,0,0,8,0,0,0,0,0,0,0,0,0
"209","NRS18_NY_10018",4,0,0,8,0,0,0,0,0,0,0,11,3,0,0,0,0,0,2,0,0,0,0,0,0,0,0,0
"210","NRS18_NY_10019",0,0,0,0,0,0,0,0,0,0,0,0,0,0,0,0,0,0,0,0,0,0,0,0,0,0,0,0
"211","NRS18_NY_10020",13,0,0,0,0,0,0,0,0,0,0,57,3,0,0,0,0,0,0,0,0,0,0,0,0,0,0,0
"212","NRS18_NY_10021",0,0,0,0,0,0,0,0,0,0,0,0,1,0,0,0,0,0,0,0,0,0,0,0,0,0,0,0
"213","NRS18_NY_10022",0,0,0,0,0,0,0,0,0,0,0,14,8,0,0,0,0,0,1,0,0,0,0,0,0,0,0,0
"214","NRS18_NY_10025",0,0,0,0,0,0,0,0,0,0,0,0,0,0,0,0,0,0,0,0,0,0,0,0,0,0,0,0
"215","NRS18_NY_10026",0,0,0,0,0,0,0,0,0,0,0,0,1,0,0,0,0,0,0,0,0,0,0,0,0,0,0,0
"216","NRS18_NY_10027",0,0,0,0,0,0,0,0,0,0,0,0,0,0,0,0,0,0,0,0,0,0,0,0,0,0,0,0
"217","NRS18_NY_10028",0,0,0,0,0,0,0,0,0,0,0,0,17,0,0,0,0,0,0,0,0,0,0,0,0,0,0,0
"218","NRS18_NY_10032",0,0,0,0,0,0,0,0,0,0,0,0,0,0,0,0,0,0,0,0,0,0,0,0,0,0,0,0
"219","NRS18_NY_10033",0,0,0,0,3,0,0,0,0,0,0,0,5,0,0,0,0,0,0,0,0,0,0,0,0,0,0,0
"220","NRS18_NY_10034",0,0,0,0,0,0,0,0,0,0,0,2,116,0,0,0,0,0,0,0,0,0,0,0,0,0,0,0
"221","NRS18_NY_10035",0,0,0,0,0,0,0,0,0,0,0,8,0,0,0,0,0,0,0,0,0,0,0,0,0,0,0,0
"222","NRS18_NY_10036",0,0,0,0,0,0,0,0,0,0,0,0,2,0,0,0,0,0,0,0,0,0,0,0,0,0,0,0
"223","NRS18_NY_10038",0,0,0,0,0,0,0,0,0,0,0,0,14,0,0,0,0,0,0,0,0,0,0,0,0,0,0,0
"224","NRS18_NY_10039",0,0,0,0,0,0,0,0,0,0,0,0,16,0,0,0,0,0,0,0,0,0,0,0,0,0,0,0
"225","NRS18_NY_10040",0,0,0,0,0,0,0,0,0,0,0,0,0,0,0,0,0,0,0,0,0,0,0,0,0,0,0,0
"226","NRS18_NY_10041",0,0,0,14,0,0,0,0,0,0,0,26,9,0,0,0,0,0,0,0,0,0,0,0,0,0,0,0
"227","NRS18_NY_10042",0,0,0,0,0,0,0,0,0,0,0,0,1,0,0,0,0,0,0,0,0,0,0,0,0,0,0,0
"228","NRS18_NY_10051",0,0,0,0,0,0,0,0,0,0,0,0,4,0,0,0,0,0,0,0,0,0,0,0,0,0,0,0
"229","NRS18_NY_10054",0,0,0,0,0,0,0,0,0,0,0,0,0,0,0,0,0,0,0,0,0,0,0,0,0,0,0,0
"230","NRS18_NY_10055",0,0,0,0,0,0,0,0,0,0,0,0,0,0,0,0,0,0,0,0,0,0,0,0,0,0,0,0
"231","NRS18_NY_10061",0,0,0,0,0,0,0,0,0,0,0,0,4,0,0,0,0,0,0,0,0,0,0,0,0,0,0,0
"232","NRS18_NY_10063",0,0,0,0,0,0,0,0,0,3,0,0,23,0,0,0,0,0,0,0,0,0,0,0,0,0,0,0
"233","NRS18_NY_10064",0,0,0,0,0,0,0,0,0,0,0,17,40,0,0,0,0,0,2,0,0,0,0,0,0,0,0,0
"234","NRS18_NY_10065",0,0,0,0,0,0,0,0,0,0,0,0,1,0,0,0,0,0,0,0,0,0,0,0,0,0,0,0
"235","NRS18_NY_10066",0,0,0,0,0,0,0,0,0,0,0,3,15,0,0,0,0,0,0,0,0,0,0,0,0,0,0,0
"236","NRS18_NY_10068",0,0,0,0,0,0,0,0,0,0,0,0,31,0,0,0,0,0,0,0,0,0,0,0,0,0,0,0
"237","NRS18_NY_10071",0,0,0,0,0,0,0,0,0,0,0,0,2,0,0,0,0,0,0,0,0,0,0,0,0,0,0,0
"238","NRS18_NY_10072",0,0,0,0,0,0,0,0,0,0,0,0,0,0,0,0,0,0,0,0,0,0,0,0,0,0,0,0
"239","NRS18_NY_10080",0,0,0,0,0,0,0,0,0,0,0,0,115,0,0,0,0,0,0,0,0,0,0,0,0,0,0,0
"240","NRS18_NY_10081",0,0,0,0,0,0,0,0,0,0,0,0,30,0,0,0,0,0,0,0,0,0,0,0,0,0,0,0
"241","NRS18_NY_10089",0,0,0,0,0,0,0,0,0,0,0,0,2,0,0,0,0,0,0,0,0,0,0,0,0,0,0,0
"242","NRS18_NY_10090",0,0,0,0,0,0,0,0,0,0,0,32,136,0,0,0,0,0,0,0,0,0,0,0,0,0,0,0
"243","NRS18_NY_10091",0,0,0,0,0,0,0,0,0,0,0,18,32,0,0,0,0,0,14,0,0,0,0,0,0,0,0,0
"244","NRS18_NY_10251",0,0,0,0,0,0,0,0,0,0,0,0,0,0,0,0,0,0,0,0,0,0,0,0,0,0,0,0
"245","NRS18_NY_10255",0,0,0,0,0,0,0,0,0,0,0,0,9,0,0,0,0,0,0,0,0,0,0,0,0,0,0,0
"246","NRS18_NY_10259",0,0,0,0,0,0,0,0,0,0,0,0,0,0,0,0,0,0,0,0,0,0,0,0,0,0,0,0
"247","NRS18_NY_10268",0,0,0,0,0,0,0,0,0,0,0,0,0,0,0,0,0,0,0,0,0,0,0,0,0,0,0,0
"248","NRS18_NY_10272",0,0,0,0,0,0,0,0,0,0,0,0,0,0,0,0,0,0,0,0,0,0,0,0,0,0,0,0
"249","NRS18_NY_10279",0,0,0,0,0,0,0,0,0,0,0,0,0,0,0,0,0,0,0,0,0,0,0,0,0,0,0,0
"250","NRS18_NY_10286",0,0,0,0,0,0,0,0,0,0,0,0,0,0,0,0,0,0,0,0,0,0,0,0,0,0,0,0
"251","NRS18_NY_10290",0,0,0,0,0,0,0,0,0,0,0,0,0,0,0,0,0,0,0,0,0,0,0,0,0,0,0,0
"252","NRS18_NY_10399",0,0,0,0,0,0,0,0,0,0,0,0,21,0,0,0,0,0,0,0,0,0,0,0,0,0,0,0
"253","NRS18_NY_10402",0,0,0,0,0,0,0,0,0,0,0,0,0,0,0,0,0,0,0,0,0,0,0,0,0,0,0,0
"254","NRS18_NY_10700",0,0,0,0,0,0,0,0,0,0,0,0,35,0,0,0,0,0,0,0,0,0,0,0,0,0,0,0
"255","NRS18_NY_10702",0,0,0,0,0,0,0,0,0,0,0,0,2,0,0,0,0,0,0,0,0,0,0,0,0,0,0,0
"256","NRS18_NY_10704",0,0,0,0,0,0,0,0,0,0,0,0,0,0,0,0,0,0,1,0,0,0,0,0,0,0,0,0
"257","NRS18_NY_10707",0,0,0,0,0,0,0,0,0,0,0,0,8,0,0,0,0,0,0,0,0,0,0,0,0,0,0,0
"258","NRS18_NY_11299",2,0,0,0,0,0,0,0,0,0,0,62,2,0,0,0,0,0,2,0,0,0,0,0,0,0,0,0
"259","NRS18_OH_10001",0,0,0,0,0,0,0,0,0,0,0,0,11,0,0,0,0,0,0,0,0,0,0,0,0,0,0,0
"260","NRS18_OH_10004",0,0,0,0,0,0,0,0,0,0,0,30,9,0,0,0,0,0,0,0,0,0,0,0,0,0,0,0
"261","NRS18_OH_10005",0,0,0,0,0,0,0,0,0,0,0,0,16,0,0,0,0,0,0,0,0,0,0,0,0,0,0,0
"262","NRS18_OH_10006",0,0,0,0,0,0,0,0,0,0,0,0,2,0,0,0,0,0,0,0,0,0,0,0,0,0,0,0
"263","NRS18_OH_10007",9,0,0,0,4,0,0,0,0,0,0,35,2,0,0,0,0,0,0,0,0,0,0,0,0,0,0,0
"264","NRS18_OH_10009",0,16,0,1,2,4,0,0,0,0,0,0,0,0,0,0,0,0,0,0,0,34,0,0,2,0,0,0
"265","NRS18_OH_10010",0,1,2,0,0,91,0,0,0,0,0,0,0,0,0,0,16,0,0,0,0,1,0,0,0,0,0,0
"266","NRS18_OH_10011",0,0,0,0,0,0,0,0,0,0,0,1,0,0,0,0,0,0,0,0,0,0,0,0,0,0,0,0
"267","NRS18_OH_10015",0,0,0,0,0,0,0,0,0,0,0,3,24,0,0,0,0,0,0,0,0,0,0,0,0,0,0,0
"268","NRS18_OH_10016",0,0,0,0,0,0,0,0,0,0,0,0,5,0,0,0,0,0,0,0,0,0,0,0,0,0,0,0
"269","NRS18_OH_10019",20,10,7,3,14,5,0,0,0,0,0,7,0,0,0,0,3,6,0,0,0,10,0,0,3,0,0,0
"270","NRS18_OH_10021",0,0,0,0,0,0,0,0,0,0,0,0,0,0,0,0,0,0,0,0,0,0,0,0,0,0,0,0
"271","NRS18_OH_10022",0,0,0,0,0,0,0,0,0,0,0,0,38,0,0,0,0,0,0,0,0,0,0,0,0,0,0,0
"272","NRS18_OH_10023",0,0,0,0,0,0,0,0,0,0,0,0,0,0,0,0,0,0,0,0,0,0,0,0,0,0,0,0
"273","NRS18_OH_10025",0,0,0,0,0,0,0,0,0,0,0,0,31,0,0,0,0,0,0,0,0,0,0,0,0,0,0,0
"274","NRS18_OH_10026",0,0,0,0,0,0,0,0,0,0,0,4,14,0,0,0,0,0,0,0,0,0,0,0,0,0,0,0
"275","NRS18_OH_10030",20,0,0,0,11,0,0,0,0,0,0,0,0,0,0,0,0,0,0,0,0,0,0,0,0,0,0,0
"276","NRS18_OH_10031",6,0,0,0,0,0,2,0,0,0,0,4,0,0,0,0,0,0,0,0,0,0,0,0,0,0,0,0
"277","NRS18_OH_10034",22,15,7,2,6,11,0,0,0,0,0,2,0,0,0,0,3,8,0,0,0,14,0,0,0,0,0,0
"278","NRS18_OH_10037",44,0,4,0,17,0,0,0,0,0,0,16,1,0,0,0,1,2,0,0,0,5,0,0,2,0,0,0
"279","NRS18_OH_10658",12,0,0,3,0,0,0,0,0,0,0,24,29,0,0,0,0,0,0,0,0,0,0,0,0,0,0,0
"280","NRS18_OK_10023",4,0,0,0,0,0,3,0,0,0,0,0,0,0,0,0,0,0,0,0,0,0,0,0,0,0,0,0
"281","NRS18_OK_10024",0,0,0,6,0,0,0,0,0,0,2,0,0,0,0,0,0,0,0,0,0,0,0,0,0,0,0,0
"282","NRS18_OK_10026",9,0,0,0,0,0,2,0,0,0,0,0,0,0,0,0,0,0,0,0,0,0,0,0,0,0,0,0
"283","NRS18_OK_10031",0,0,0,0,0,7,0,0,0,0,0,0,0,0,0,0,100,0,0,0,0,0,0,0,0,0,0,0
"284","NRS18_OK_10033",0,0,0,0,0,10,0,0,0,0,0,0,0,0,0,0,5,0,0,0,0,0,0,0,0,0,0,0
"285","NRS18_OK_10034",0,0,0,0,0,0,12,0,0,0,0,0,0,0,0,0,0,0,0,0,0,0,0,0,0,0,0,0
"286","NRS18_OK_10035",0,0,0,0,0,3,0,0,0,0,0,0,0,0,0,0,0,0,0,0,0,0,0,0,0,0,0,0
"287","NRS18_OK_10036",19,0,0,0,0,0,0,0,0,0,0,0,0,0,0,0,0,0,0,0,0,0,0,0,0,0,0,0
"288","NRS18_OK_10038",0,0,0,0,0,0,0,0,0,0,0,12,0,0,0,0,0,0,0,0,0,0,0,0,0,0,0,0
"289","NRS18_OK_10040",28,0,11,13,0,7,0,0,0,0,0,4,0,0,0,0,2,0,1,0,0,0,0,0,0,0,0,0
"290","NRS18_OK_10830",0,0,0,8,0,0,0,0,0,0,2,0,0,0,0,0,0,0,0,0,0,0,0,0,0,0,0,0
"291","NRS18_OK_10920",2,0,0,0,0,0,3,0,0,0,0,0,0,0,0,0,0,0,0,0,0,0,0,0,0,0,0,0
"292","NRS18_OK_10921",0,0,0,0,0,0,0,0,0,0,0,0,0,0,0,0,0,0,0,0,0,0,0,0,0,0,0,0
"293","NRS18_PA_10002",46,0,0,1,0,0,0,0,0,0,0,9,29,0,0,0,0,0,0,0,0,0,0,0,0,0,0,0
"294","NRS18_PA_10004",0,0,0,0,0,0,0,0,0,0,0,0,0,0,0,0,0,0,0,0,0,0,0,0,0,0,0,0
"295","NRS18_PA_10005",0,0,0,0,0,0,0,0,0,0,0,0,0,0,0,0,0,0,0,0,0,0,0,0,0,0,0,0
"296","NRS18_PA_10006",0,0,0,0,0,0,0,0,0,0,0,0,50,0,0,0,0,0,0,0,0,0,0,0,0,0,0,0
"297","NRS18_PA_10007",0,0,0,0,0,0,0,0,0,0,0,0,2,0,0,0,0,0,0,0,0,0,0,0,0,0,0,0
"298","NRS18_PA_10008",0,0,0,0,0,0,0,0,0,0,0,5,38,0,0,0,0,0,0,0,0,1,0,0,0,0,0,0
"299","NRS18_PA_10009",0,0,0,0,0,0,0,0,0,0,0,16,50,0,0,0,0,0,0,0,0,0,0,0,0,0,0,0
"300","NRS18_PA_10010",0,0,0,0,0,0,0,0,0,0,0,9,8,0,0,0,0,1,7,0,0,0,0,0,0,0,0,0
"301","NRS18_PA_10011",20,0,0,2,13,0,0,0,0,0,0,14,12,0,0,0,0,0,0,0,0,4,0,0,0,0,0,0
"302","NRS18_PA_10012",0,0,0,0,0,0,0,0,0,0,0,72,30,0,0,0,0,0,22,0,0,0,0,0,0,0,0,0
"303","NRS18_PA_10013",0,0,0,0,0,0,0,0,0,0,0,26,9,0,0,0,0,0,0,0,0,0,0,0,0,0,0,0
"304","NRS18_PA_10014",0,0,0,0,0,0,0,0,0,0,0,2,12,0,0,0,0,0,0,0,0,0,0,0,0,0,0,0
"305","NRS18_PA_10015",0,0,0,0,0,0,0,0,0,0,0,0,2,0,0,0,0,0,0,0,0,0,0,0,0,0,0,0
"306","NRS18_PA_10016",30,0,1,0,17,11,0,0,0,0,0,3,0,0,0,0,0,1,0,0,0,4,0,0,0,0,0,0
"307","NRS18_PA_10017",0,0,0,0,0,0,0,0,0,0,0,0,0,0,0,0,0,0,0,0,0,0,0,0,0,0,0,0
"308","NRS18_PA_10018",0,0,0,0,0,0,0,0,0,0,0,3,1,0,0,0,0,0,0,0,0,0,0,0,0,0,0,0
"309","NRS18_PA_10019",0,0,0,0,0,0,0,0,0,0,0,0,41,0,0,0,0,0,0,0,0,0,0,0,0,0,0,0
"310","NRS18_PA_10020",0,0,0,0,0,0,0,0,0,0,0,0,53,0,0,0,0,0,0,0,0,0,0,0,0,0,0,0
"311","NRS18_PA_10021",0,0,0,0,0,0,0,0,0,0,0,0,16,0,0,0,0,0,0,0,0,0,0,0,0,0,0,0
"312","NRS18_PA_10023",0,0,0,0,0,0,0,0,0,0,0,11,66,0,0,0,0,0,7,0,0,0,0,0,0,0,0,0
"313","NRS18_PA_10024",0,0,0,0,0,0,0,0,0,0,0,36,3,0,0,0,0,0,0,0,0,0,0,0,0,0,0,0
"314","NRS18_PA_10025",0,0,0,0,0,0,0,0,0,0,0,13,3,0,0,0,0,0,0,0,0,0,0,0,0,0,0,0
"315","NRS18_PA_10026",0,0,0,0,0,0,0,0,0,0,0,18,21,0,0,0,0,1,0,0,0,0,0,0,0,0,0,0
"316","NRS18_PA_10027",0,0,0,0,0,0,0,0,0,0,0,62,26,0,0,0,0,1,1,0,0,0,0,0,0,0,0,0
"317","NRS18_PA_10028",71,0,2,18,8,0,0,0,0,0,0,18,3,0,0,0,0,0,0,0,0,34,0,0,0,0,0,0
"318","NRS18_PA_10032",0,0,0,0,0,0,0,0,0,0,0,0,0,0,0,0,0,0,0,0,0,0,0,0,0,0,0,0
"319","NRS18_PA_10034",0,0,0,0,0,0,0,0,0,0,0,0,0,0,0,0,0,0,0,0,0,0,0,0,0,0,0,0
"320","NRS18_PA_10035",0,0,0,0,0,0,0,0,0,0,0,0,72,0,0,0,0,0,0,0,0,0,0,0,0,0,0,0
"321","NRS18_PA_10037",0,0,0,0,0,0,0,0,0,0,0,0,27,0,0,0,0,0,0,0,0,0,0,0,0,0,0,0
"322","NRS18_PA_10038",0,0,0,0,0,0,0,0,0,0,0,1,5,0,0,0,0,0,0,0,0,0,0,0,0,0,0,0
"323","NRS18_PA_10039",3,0,0,3,0,0,0,0,0,0,0,18,0,0,0,0,0,0,0,0,0,0,0,0,0,0,0,0
"324","NRS18_PA_10042",6,0,0,0,0,0,0,0,0,0,0,9,1,0,0,0,0,0,0,0,0,3,0,0,0,0,0,0
"325","NRS18_PA_10043",0,0,0,0,0,0,0,0,0,0,0,0,0,0,0,0,0,0,0,0,0,0,0,0,0,0,0,0
"326","NRS18_PA_10044",0,0,0,0,0,0,0,0,0,0,0,10,35,0,0,0,0,0,0,0,0,0,0,0,0,0,0,0
"327","NRS18_PA_10045",81,0,14,26,59,0,0,0,0,0,0,25,0,0,0,0,1,1,0,0,0,24,0,0,0,0,0,0
"328","NRS18_PA_10046",0,0,0,0,0,0,0,0,0,0,0,0,9,0,0,0,0,0,0,0,0,0,0,0,0,0,0,0
"329","NRS18_PA_10217",0,0,0,0,0,0,0,0,0,0,0,0,0,0,0,0,0,0,0,0,0,0,0,0,0,0,0,0
"330","NRS18_PA_10218",0,0,0,0,0,0,0,0,0,0,0,0,0,0,0,0,0,0,0,0,0,0,0,0,0,0,0,0
"331","NRS18_PA_10220",0,0,0,0,0,0,0,0,0,0,0,0,0,0,0,0,0,0,0,0,0,0,0,0,0,0,0,0
"332","NRS18_PA_10816",0,0,0,0,0,0,0,0,0,0,0,1,25,0,0,0,0,0,0,0,0,0,0,0,0,0,0,0
"333","NRS18_RI_10001",0,0,0,0,0,0,0,0,0,0,0,0,32,0,0,0,0,0,0,0,0,0,0,0,0,0,0,0
"334","NRS18_RI_10002",0,0,0,0,0,0,0,0,0,0,0,0,4,0,0,0,0,0,0,0,0,0,0,0,0,0,0,0
"335","NRS18_RI_10004",0,0,0,0,0,0,0,0,0,4,0,0,2,0,0,0,0,0,0,0,0,0,0,0,0,0,0,0
"336","NRS18_RI_10005",0,0,0,0,0,0,0,0,0,0,0,0,6,0,0,0,0,0,0,0,0,0,0,0,0,0,0,0
"337","NRS18_RI_10006",0,0,0,0,0,0,0,0,0,0,0,0,45,0,0,0,0,0,0,0,0,0,0,0,0,0,0,0
"338","NRS18_RI_10008",0,0,0,0,0,0,0,0,0,0,0,0,27,0,0,0,0,0,0,0,0,0,0,0,0,0,0,0
"339","NRS18_RI_10009",0,0,0,0,0,0,0,0,0,4,0,0,3,0,0,0,0,0,0,0,0,0,0,0,0,0,0,0
"340","NRS18_RI_10017",0,0,0,0,0,0,0,0,0,0,0,0,1,0,0,0,0,0,0,0,0,0,0,0,0,0,0,0
"341","NRS18_RI_10018",0,0,0,0,0,0,0,0,0,0,0,0,0,0,0,0,0,0,0,0,0,0,0,0,0,0,0,0
"342","NRS18_RI_10019",0,0,0,0,0,0,0,0,0,0,0,0,0,0,0,0,0,0,0,0,0,0,0,0,0,0,0,0
"343","NRS18_RI_10020",0,0,0,0,0,0,0,0,0,1,0,0,25,0,0,0,0,0,0,0,0,0,0,0,0,0,0,0
"344","NRS18_RI_10183",0,0,0,0,0,0,0,0,0,0,0,0,9,0,0,0,0,0,0,0,0,0,0,0,0,0,0,0
"345","NRS18_RI_10192",0,0,0,0,0,0,0,0,0,0,0,0,0,0,0,0,0,0,0,0,0,0,0,0,0,0,0,0
"346","NRS18_RI_10194",0,0,0,0,0,0,0,0,0,0,0,0,0,0,0,0,0,0,0,0,0,0,0,0,0,0,0,0
"347","NRS18_RI_10197",0,0,0,0,0,0,0,0,0,0,0,0,1,0,0,0,0,0,0,0,0,0,0,0,0,0,0,0
"348","NRS18_RI_10199",0,0,0,0,0,0,0,0,0,0,0,0,2,0,0,0,0,0,0,0,0,0,0,0,0,0,0,0
"349","NRS18_RI_10201",0,0,0,0,0,0,0,0,0,0,0,0,14,0,0,0,0,0,0,0,0,0,0,0,0,0,0,0
"350","NRS18_RI_10202",0,0,0,0,0,0,0,0,0,0,0,0,1,0,0,0,0,0,0,0,0,0,0,0,0,0,0,0
"351","NRS18_SC_10004",0,0,0,0,0,0,0,0,0,0,0,0,0,0,0,0,0,0,0,0,0,0,0,0,0,0,0,0
"352","NRS18_SC_10007",0,0,0,0,0,0,0,0,0,0,0,0,0,4,0,0,0,0,0,0,0,0,0,0,0,0,0,0
"353","NRS18_SC_10008",0,0,0,0,0,4,6,0,0,0,0,0,0,0,12,0,0,0,0,0,0,0,0,0,0,0,0,0
"354","NRS18_SC_10010",0,0,0,0,0,0,0,0,0,0,0,0,0,0,0,0,0,0,0,0,0,0,0,0,0,0,0,0
"355","NRS18_SC_10011",0,0,0,0,0,0,0,0,0,0,0,0,0,0,11,0,0,0,0,0,0,0,0,0,0,0,0,0
"356","NRS18_SC_10012",0,0,0,0,0,0,6,0,0,0,0,0,0,0,0,0,0,0,2,0,0,0,0,0,0,0,0,0
"357","NRS18_SC_10020",0,0,0,0,0,0,6,0,0,0,0,0,0,0,1,0,0,0,0,0,0,0,0,0,0,0,0,0
"358","NRS18_SC_10180",0,0,0,0,0,0,0,0,0,0,0,0,0,1,0,0,0,0,0,0,0,0,0,0,0,0,0,0
"359","NRS18_SC_10479",0,0,0,0,0,0,0,0,0,0,0,0,0,0,0,0,0,0,0,0,0,0,0,0,0,0,0,0
"360","NRS18_SC_10779",0,0,0,0,0,0,0,0,0,0,0,0,0,0,0,0,0,0,0,0,0,0,0,0,0,0,0,0
"361","NRS18_SC_10781",0,0,0,0,0,0,0,0,0,0,0,0,0,0,7,0,0,0,6,0,0,0,0,0,1,0,0,0
"362","NRS18_TN_10001",0,0,0,2,0,0,0,0,0,0,0,5,0,0,0,0,0,0,0,0,0,0,0,0,0,0,0,0
"363","NRS18_TN_10002",9,0,0,13,0,1,3,0,0,0,0,6,1,0,0,0,0,0,0,0,0,0,0,0,0,0,0,0
"364","NRS18_TN_10004",0,0,0,0,0,0,0,0,0,0,0,0,0,0,0,0,0,0,0,0,0,0,0,0,0,0,0,0
"365","NRS18_TN_10006",2,0,0,0,0,0,0,0,0,0,0,0,0,0,0,0,0,0,0,0,0,1,0,0,0,0,0,0
"366","NRS18_TN_10007",16,5,18,1,0,14,0,0,0,0,0,1,0,0,0,2,2,0,2,0,0,0,0,0,2,0,0,0
"367","NRS18_TN_10008",40,9,30,9,0,5,0,0,0,0,0,29,0,0,0,15,9,0,0,0,0,10,0,0,0,0,0,0
"368","NRS18_TN_10009",0,0,0,0,0,0,0,0,0,0,0,0,23,0,0,0,0,0,0,0,0,0,0,0,0,0,0,0
"369","NRS18_TN_10010",2,0,0,0,0,0,0,0,0,0,0,0,0,0,0,0,0,0,0,0,0,0,0,0,0,0,0,0
"370","NRS18_TN_10015",20,0,7,12,1,8,0,0,0,0,0,10,0,0,0,0,0,0,0,0,0,0,0,0,0,0,0,0
"371","NRS18_TN_10016",26,7,15,5,1,19,0,0,0,0,0,6,0,0,0,4,0,0,7,0,0,0,0,0,0,0,0,0
"372","NRS18_TN_10022",0,0,0,1,0,0,0,0,0,0,0,12,0,0,0,0,0,0,0,0,0,0,0,0,0,0,0,0
"373","NRS18_TN_10024",23,8,4,1,5,9,0,0,0,0,0,5,0,0,0,0,0,3,0,0,0,16,0,0,0,0,0,0
"374","NRS18_TN_10026",1,0,0,0,0,0,0,0,0,0,0,0,0,0,0,0,0,0,0,0,0,0,0,0,0,0,0,0
"375","NRS18_TN_10029",0,0,0,0,0,0,0,0,0,0,0,18,0,0,0,0,0,0,0,0,0,0,0,0,0,0,0,0
"376","NRS18_TN_10033",0,0,0,0,0,0,0,0,0,0,0,1,0,0,0,0,0,0,0,0,0,0,0,0,0,0,0,0
"377","NRS18_TN_10489",13,0,0,0,0,0,4,0,0,0,0,21,1,0,0,0,0,0,0,0,0,0,0,0,0,0,0,0
"378","NRS18_TN_10490",0,0,0,0,0,0,0,0,0,0,0,7,0,0,0,0,0,0,0,0,0,0,0,0,0,0,0,0
"379","NRS18_TN_11089",8,0,0,0,0,0,0,0,0,0,0,0,0,0,0,0,0,0,0,0,0,0,0,0,0,0,0,0
"380","NRS18_TN_11090",1,9,0,0,0,2,3,0,0,0,0,0,0,0,0,0,0,0,0,0,0,0,0,0,0,0,0,0
"381","NRS18_VA_10001",0,0,0,0,0,0,0,0,0,0,0,0,2,0,0,0,0,0,0,0,0,0,0,0,0,0,0,0
"382","NRS18_VA_10002",0,0,0,0,0,0,0,0,0,0,0,17,0,0,0,0,0,0,0,0,0,0,0,0,0,17,0,0
"383","NRS18_VA_10003",0,0,0,0,0,0,0,0,0,0,0,0,0,0,0,0,0,0,0,0,0,0,0,0,0,0,0,0
"384","NRS18_VA_10004",0,0,0,0,0,0,0,0,0,0,0,0,0,0,0,0,0,0,0,0,0,0,0,0,0,0,0,0
"385","NRS18_VA_10005",0,0,0,0,0,0,0,0,0,0,0,6,4,0,0,0,0,0,0,0,0,0,0,0,0,0,0,0
"386","NRS18_VA_10006",5,0,4,14,0,0,0,0,0,0,0,48,0,0,0,0,0,0,0,0,0,15,0,0,0,0,0,0
"387","NRS18_VA_10007",0,0,0,0,0,0,0,0,0,0,0,0,0,0,12,0,0,0,0,0,0,0,0,2,0,8,0,0
"388","NRS18_VA_10008",0,0,0,0,0,0,0,0,0,0,0,0,0,0,0,0,0,0,0,0,0,0,0,0,0,1,0,0
"389","NRS18_VA_10009",0,0,0,0,0,0,0,0,0,0,0,34,3,0,0,0,0,0,0,0,0,0,0,0,0,0,0,0
"390","NRS18_VA_10011",0,0,0,0,0,0,0,0,0,0,0,1,6,0,0,0,0,0,0,0,0,0,0,0,0,0,0,0
"391","NRS18_VA_10013",0,0,0,0,0,0,0,0,0,0,0,0,0,0,0,0,0,0,0,0,0,0,0,0,0,0,0,0
"392","NRS18_VA_10014",0,0,0,0,0,0,0,0,0,0,0,0,0,0,0,0,0,0,0,0,0,0,0,0,0,0,0,0
"393","NRS18_VA_10016",0,0,0,0,0,0,0,0,0,0,0,7,8,0,0,0,0,0,0,0,0,0,0,0,0,0,0,0
"394","NRS18_VA_10017",0,0,0,0,0,0,0,0,0,0,0,0,9,0,0,0,0,0,0,0,0,0,0,0,0,5,9,0
"395","NRS18_VA_10018",0,0,0,0,0,0,0,0,0,1,0,0,0,0,0,0,0,0,0,0,0,0,0,0,0,0,0,0
"396","NRS18_VA_10019",0,0,0,0,0,0,0,0,0,0,0,1,0,0,0,0,0,0,0,0,0,0,0,0,0,40,0,1
"397","NRS18_VA_10020",0,0,0,0,0,0,0,0,0,1,0,0,0,0,0,0,0,0,0,0,0,0,0,0,0,0,0,0
"398","NRS18_VA_10022",0,0,0,0,0,0,0,0,0,0,0,0,0,0,0,0,0,0,0,0,0,0,0,0,0,0,0,0
"399","NRS18_VT_10001",0,0,0,0,0,0,0,0,0,0,0,0,0,0,0,0,0,0,0,0,0,0,0,0,0,0,0,0
"400","NRS18_VT_10002",0,0,0,0,0,0,0,0,0,0,0,0,0,0,0,0,0,0,0,0,0,0,0,0,0,0,0,0
"401","NRS18_VT_10003",0,0,0,0,0,0,0,0,0,0,0,0,0,0,0,0,0,0,0,0,0,0,0,0,0,0,0,0
"402","NRS18_VT_10004",0,0,0,0,0,0,0,0,0,0,0,0,3,0,0,0,0,0,0,0,0,0,0,0,0,0,0,0
"403","NRS18_VT_10005",0,0,0,0,0,0,0,0,0,0,0,0,21,0,0,0,0,0,0,0,0,0,1,0,0,0,0,0
"404","NRS18_VT_10006",0,0,0,0,0,0,0,0,0,0,0,0,0,0,0,0,0,0,0,0,0,0,0,0,0,0,0,0
"405","NRS18_VT_10008",0,0,0,0,0,0,0,0,0,0,0,0,0,0,0,0,0,0,0,0,0,0,0,0,0,0,0,0
"406","NRS18_VT_10009",0,0,0,0,0,0,0,0,0,0,0,0,35,0,0,0,0,0,0,0,0,0,0,0,0,0,0,0
"407","NRS18_VT_10011",0,0,0,0,0,0,0,0,0,0,0,0,0,0,0,0,0,0,0,0,0,0,0,0,0,0,0,0
"408","NRS18_VT_10012",0,0,0,0,0,0,0,0,0,0,0,0,0,0,0,0,0,0,0,0,0,0,0,0,0,0,0,0
"409","NRS18_VT_10013",0,0,0,0,0,0,0,0,0,0,0,0,0,0,0,0,0,0,0,0,0,0,0,0,0,0,0,0
"410","NRS18_VT_10014",0,0,0,0,0,0,0,0,0,0,0,0,0,0,0,0,0,0,0,0,0,0,0,0,0,0,0,0
"411","NRS18_VT_10015",0,0,0,0,0,0,0,0,0,0,0,0,82,0,0,0,0,0,0,0,0,0,0,0,0,0,0,0
"412","NRS18_VT_10016",0,0,0,0,0,0,0,0,0,0,0,0,0,0,0,0,0,0,0,0,0,0,0,0,0,0,0,0
"413","NRS18_VT_10017",0,0,0,0,0,0,0,0,0,0,0,0,0,0,0,0,0,0,0,0,0,0,7,0,0,0,0,0
"414","NRS18_VT_10018",0,0,0,0,0,0,0,0,0,0,0,0,48,0,0,0,0,0,0,0,0,0,0,0,0,0,0,0
"415","NRS18_VT_10023",0,0,0,0,0,0,0,0,0,0,0,0,0,0,0,0,0,0,0,0,0,0,0,0,0,0,0,0
"416","NRS18_VT_10034",0,0,0,0,0,0,0,0,0,0,0,0,0,0,0,0,0,0,0,0,0,0,0,0,0,0,0,0
"417","NRS18_VT_10184",0,0,0,0,0,0,0,0,0,0,0,0,30,0,0,0,0,0,0,0,0,0,1,0,0,0,0,0
"418","NRS18_VT_10335",0,0,0,0,0,0,0,0,0,0,0,0,5,0,0,0,0,0,0,0,0,0,0,0,0,0,0,0
"419","NRS18_WV_10002",31,0,3,0,9,10,0,0,0,0,0,0,0,0,0,0,0,1,0,0,0,3,0,0,0,0,0,0
"420","NRS18_WV_10003",0,0,0,0,0,0,0,0,0,0,0,0,0,0,0,0,0,0,0,0,0,0,0,0,0,0,0,0
"421","NRS18_WV_10004",0,0,0,0,0,0,0,0,0,0,0,0,38,0,0,0,0,0,0,0,0,0,0,0,0,0,0,0
"422","NRS18_WV_10005",31,0,3,12,3,0,0,0,0,0,0,16,0,0,0,0,0,0,0,0,0,29,0,0,0,0,0,0
"423","NRS18_WV_10006",11,3,0,0,3,2,0,0,0,0,0,2,0,0,0,0,0,0,0,0,0,2,0,0,0,0,0,0
"424","NRS18_WV_10008",7,0,0,0,0,0,0,0,0,0,0,0,5,0,0,0,0,0,0,0,0,0,0,0,0,0,0,0
"425","NRS18_WV_10009",0,0,0,0,0,0,0,0,0,0,0,10,2,0,0,0,0,0,0,0,0,0,0,0,0,0,0,0
"426","NRS18_WV_10010",0,0,0,0,0,0,0,0,0,0,0,0,0,0,0,0,0,0,0,0,0,0,0,0,0,0,0,0
"427","NRS18_WV_10011",0,0,0,0,0,0,0,0,0,0,0,14,0,0,0,0,0,0,0,0,0,0,0,0,0,0,0,0
"428","NRS18_WV_10012",0,0,0,0,0,0,0,0,0,0,0,0,0,0,0,0,0,0,0,0,0,0,0,0,0,0,0,0
"429","NRS18_WV_10013",0,0,0,0,0,0,0,0,0,0,0,2,7,0,0,0,0,0,0,0,0,0,0,0,0,0,0,0
"430","NRS18_WV_10015",0,0,0,0,0,0,0,0,0,0,0,0,0,0,0,0,0,0,0,0,0,0,0,0,0,0,0,0
"431","NRS18_WV_10016",0,0,0,0,0,0,0,0,0,0,0,0,0,0,0,0,0,0,0,0,0,0,0,0,0,0,0,0
"432","NRS18_WV_10018",0,0,0,4,1,0,0,0,0,0,0,1,1,0,0,0,0,0,0,0,0,0,0,0,0,0,0,0
"433","NRS18_WV_10019",26,0,0,1,0,0,0,0,0,0,0,4,1,0,0,0,0,0,0,0,0,2,0,0,0,0,0,0
"434","NRS18_WV_10020",59,0,57,0,19,20,0,0,0,0,0,7,0,0,0,0,7,5,0,0,0,5,0,0,0,0,0,0
"435","NRS18_WV_10031",0,0,0,0,0,0,0,0,0,0,0,0,0,0,0,0,0,0,0,0,0,0,0,0,0,0,0,0
"436","NRS18_WV_10180",0,0,0,0,0,0,0,0,0,0,0,20,3,0,0,0,0,0,0,0,0,0,0,0,0,0,0,0
"437","NRS18_WV_10181",1,0,0,0,0,0,0,0,0,0,0,74,4,0,0,0,0,0,0,0,0,0,0,0,0,0,0,0
